token,symbol,name,stocks
14537,DISHTV-EQ,DISHTV,NSE
2106,MANGLMCEM-EQ,MANGLMCEM,NSE
10999,MARUTI-EQ,MARUTI,NSE
17939,HINDCOPPER-EQ,HINDCOPPER,NSE
13688,GATI-EQ,GATI,NSE
18883,SJVN-EQ,SJVN,NSE
11654,LALPATHLAB-EQ,LALPATHLAB,NSE
184,TCPLPACK-EQ,TCPLPACK,NSE
3481,THOMASCOOK-EQ,THOMASCOOK,NSE
11184,IDFCFIRSTB-EQ,IDFCFIRSTB,NSE
18102,KOTAKNIFTY-EQ,KOTAKNIFTY,NSE
19126,KIOCL-EQ,KIOCL,NSE
4749,CONCOR-EQ,CONCOR,NSE
2412,PEL-EQ,PEL,NSE
3646,VARDMNPOLY-EQ,VARDMNPOLY,NSE
2970,SURYODAY-EQ,SURYODAY,NSE
20188,WABAG-EQ,WABAG,NSE
15161,HITECHCORP-EQ,HITECHCORP,NSE
3507,MAFANG-EQ,MAFANG,NSE
21362,SALASAR-EQ,SALASAR,NSE
24225,RELAXO-EQ,RELAXO,NSE
17395,SETF10GILT-EQ,SETF10GILT,NSE
10238,CONFIPET-EQ,CONFIPET,NSE
21462,SPTL-EQ,SPTL,NSE
23650,MUTHOOTFIN-EQ,MUTHOOTFIN,NSE
4391,GULFOILLUB-EQ,GULFOILLUB,NSE
15219,PATINTLOG-EQ,PATINTLOG,NSE
958,ESCORTS-EQ,ESCORTS,NSE
2837,RANASUG-EQ,RANASUG,NSE
3757,VENKEYS-EQ,VENKEYS,NSE
9678,SOUTHWEST-EQ,SOUTHWEST,NSE
25358,PGEL-EQ,PGEL,NSE
2112,MARALOVER-EQ,MARALOVER,NSE
29553,ICICINIFTY-EQ,ICICINIFTY,NSE
3626,ICICIPHARM-EQ,ICICIPHARM,NSE
21740,CHOLAHLDNG-EQ,CHOLAHLDNG,NSE
3220,LODHA-EQ,LODHA,NSE
5449,CHEMPLASTS-EQ,CHEMPLASTS,NSE
2664,PIDILITIND-EQ,PIDILITIND,NSE
15136,KAUSHALYA-EQ,KAUSHALYA,NSE
2955,KALYANKJIL-EQ,KALYANKJIL,NSE
48,HAPPSTMNDS-EQ,HAPPSTMNDS,NSE
6596,SONATSOFTW-EQ,SONATSOFTW,NSE
12022,AURIONPRO-EQ,AURIONPRO,NSE
13920,PLASTIBLEN-EQ,PLASTIBLEN,NSE
1041,FINPIPE-EQ,FINPIPE,NSE
14398,AMDIND-EQ,AMDIND,NSE
10397,JISLJALEQS-EQ,JISLJALEQS,NSE
489,ICEMAKE-EQ,ICEMAKE,NSE
7358,DATAPATTNS-EQ,DATAPATTNS,NSE
1805,KABRAEXTRU-EQ,KABRAEXTRU,NSE
11723,JSWSTEEL-EQ,JSWSTEEL,NSE
22433,HBANKETF-EQ,HBANKETF,NSE
8840,USHAMART-EQ,USHAMART,NSE
10717,TIMESGTY-EQ,TIMESGTY,NSE
22,ACC-EQ,ACC,NSE
2004,AHLADA-EQ,AHLADA,NSE
13275,INDOTECH-EQ,INDOTECH,NSE
11423,DATAMATICS-EQ,DATAMATICS,NSE
148,ANSALAPI-EQ,ANSALAPI,NSE
30089,ORIENTCEM-EQ,ORIENTCEM,NSE
3417,HONAUT-EQ,HONAUT,NSE
17,SCAPDVR-EQ,SCAPDVR,NSE
11606,GUFICBIO-EQ,GUFICBIO,NSE
17598,ASALCBR-EQ,ASALCBR,NSE
2963,SAIL-EQ,SAIL,NSE
2018,LUMAXIND-EQ,LUMAXIND,NSE
3129,SHREYAS-EQ,SHREYAS,NSE
11496,AMBICAAGAR-EQ,AMBICAAGAR,NSE
9931,VIKASLIFE-EQ,VIKASLIFE,NSE
14043,SARLAPOLY-EQ,SARLAPOLY,NSE
3411,TATAELXSI-EQ,TATAELXSI,NSE
1628,BECTORFOOD-EQ,BECTORFOOD,NSE
24924,ELGIRUBCO-EQ,ELGIRUBCO,NSE
7456,DSPQ50ETF-EQ,DSPQ50ETF,NSE
17851,DLINKINDIA-EQ,DLINKINDIA,NSE
13560,GRINDWELL-EQ,GRINDWELL,NSE
13844,MMFL-EQ,MMFL,NSE
11343,AFFLE-EQ,AFFLE,NSE
7339,ABSLNN50ET-EQ,ABSLNN50ET,NSE
7083,STARHEALTH-EQ,STARHEALTH,NSE
17945,SUVENPHAR-EQ,SUVENPHAR,NSE
6705,PAYTM-EQ,PAYTM,NSE
24595,RUSHIL-EQ,RUSHIL,NSE
913,EQUITASBNK-EQ,EQUITASBNK,NSE
2799,CHEMFAB-EQ,CHEMFAB,NSE
18142,EMMBI-EQ,EMMBI,NSE
5748,CYIENT-EQ,CYIENT,NSE
14917,TAKE-EQ,TAKE,NSE
18571,GNA-EQ,GNA,NSE
5020,SVPGLOB-EQ,SVPGLOB,NSE
11445,PILANIINVS-EQ,PILANIINVS,NSE
5957,BSLSENETFG-EQ,BSLSENETFG,NSE
10297,PPL-EQ,PPL,NSE
3138,HONDAPOWER-EQ,HONDAPOWER,NSE
21828,TEXRAIL-EQ,TEXRAIL,NSE
2496,ORIENTPPR-EQ,ORIENTPPR,NSE
18652,ICICIPRULI-EQ,ICICIPRULI,NSE
18866,MAZDA-EQ,MAZDA,NSE
16900,DPWIRES-EQ,DPWIRES,NSE
4934,IPL-EQ,IPL,NSE
4007,CORALFINAC-EQ,CORALFINAC,NSE
104,SHAREINDIA-EQ,SHAREINDIA,NSE
1181,GODFRYPHLP-EQ,GODFRYPHLP,NSE
21704,DCAL-EQ,DCAL,NSE
17603,MAHEPC-EQ,MAHEPC,NSE
522,ICICIB22-EQ,ICICIB22,NSE
1232,GRASIM-EQ,GRASIM,NSE
5220,MAFSETF-EQ,MAFSETF,NSE
817,DCW-EQ,DCW,NSE
3857,VARROC-EQ,VARROC,NSE
11842,CYBERMEDIA-EQ,CYBERMEDIA,NSE
21683,BRNL-EQ,BRNL,NSE
14418,ASTRAL-EQ,ASTRAL,NSE
3965,REMSONSIND-EQ,REMSONSIND,NSE
308,BAJAJHIND-EQ,BAJAJHIND,NSE
8696,VRLLOG-EQ,VRLLOG,NSE
11943,MCLEODRUSS-EQ,MCLEODRUSS,NSE
3127,BARBEQUE-EQ,BARBEQUE,NSE
13826,SOBHA-EQ,SOBHA,NSE
7560,UNITEDPOLY-EQ,UNITEDPOLY,NSE
6018,ABSLAMC-EQ,ABSLAMC,NSE
24292,VSTTILLERS-EQ,VSTTILLERS,NSE
8424,VIPULLTD-EQ,VIPULLTD,NSE
19084,NETFIT-EQ,NETFIT,NSE
422,BHARATFORG-EQ,BHARATFORG,NSE
263,ATUL-EQ,ATUL,NSE
4907,ENGINERSIN-EQ,ENGINERSIN,NSE
29124,PCJEWELLER-EQ,PCJEWELLER,NSE
13061,IIFLWAM-EQ,IIFLWAM,NSE
3744,FINEORG-EQ,FINEORG,NSE
2202,MIRCELECTR-EQ,MIRCELECTR,NSE
2259,MOREPENLAB-EQ,MOREPENLAB,NSE
79,ALEMBICLTD-EQ,ALEMBICLTD,NSE
18208,ORIENTLTD-EQ,ORIENTLTD,NSE
13182,ROHLTD-EQ,ROHLTD,NSE
5516,JAIPURKURT-EQ,JAIPURKURT,NSE
395,BEML-EQ,BEML,NSE
9685,TRIDENT-EQ,TRIDENT,NSE
1607,GODHA-EQ,GODHA,NSE
1633,IPCALAB-EQ,IPCALAB,NSE
11763,JPPOWER-EQ,JPPOWER,NSE
13536,VIDHIING-EQ,VIDHIING,NSE
1143,NCPSESDL24-EQ,NCPSESDL24,NSE
383,BEL-EQ,BEL,NSE
14260,PGIL-EQ,PGIL,NSE
9348,IOB-EQ,IOB,NSE
4040,EIMCOELECO-EQ,EIMCOELECO,NSE
20532,AXISGOLD-EQ,AXISGOLD,NSE
15883,SHIL-EQ,SHIL,NSE
14511,BANSWRAS-EQ,BANSWRAS,NSE
17181,MANXT50-EQ,MANXT50,NSE
15555,HCG-EQ,HCG,NSE
29850,GSCLCEMENT-EQ,GSCLCEMENT,NSE
595,CARBORUNIV-EQ,CARBORUNIV,NSE
4598,HERITGFOOD-EQ,HERITGFOOD,NSE
3002,WONDERLA-EQ,WONDERLA,NSE
1424,HINDZINC-EQ,HINDZINC,NSE
15124,KOLTEPATIL-EQ,KOLTEPATIL,NSE
14428,GOLDBEES-EQ,GOLDBEES,NSE
13091,EKC-EQ,EKC,NSE
634,IGARASHI-EQ,IGARASHI,NSE
981,EPL-EQ,EPL,NSE
18944,KINGFA-EQ,KINGFA,NSE
5407,CARTRADE-EQ,CARTRADE,NSE
20425,NACLIND-EQ,NACLIND,NSE
3892,HATSUN-EQ,HATSUN,NSE
5204,GMDCLTD-EQ,GMDCLTD,NSE
7506,WOCKPHARMA-EQ,WOCKPHARMA,NSE
4732,SKMEGGPROD-EQ,SKMEGGPROD,NSE
16908,TOUCHWOOD-EQ,TOUCHWOOD,NSE
20071,INTENTECH-EQ,INTENTECH,NSE
1565,RVHL-EQ,RVHL,NSE
5614,GANESHBE-EQ,GANESHBE,NSE
1372,HINDCOMPOS-EQ,HINDCOMPOS,NSE
24190,SYMPHONY-EQ,SYMPHONY,NSE
14339,GANESHHOUC-EQ,GANESHHOUC,NSE
2493,ORIENTHOT-EQ,ORIENTHOT,NSE
10753,UNIONBANK-EQ,UNIONBANK,NSE
6568,LAXMICOT-EQ,LAXMICOT,NSE
21399,GANGESSECU-EQ,GANGESSECU,NSE
5865,LAGNAM-EQ,LAGNAM,NSE
10666,PNB-EQ,PNB,NSE
19,INEOSSTYRO-EQ,INEOSSTYRO,NSE
1127,GHCL-EQ,GHCL,NSE
13491,JKLAKSHMI-EQ,JKLAKSHMI,NSE
13081,TRIVENI-EQ,TRIVENI,NSE
9668,HIKAL-EQ,HIKAL,NSE
467,HDFCLIFE-EQ,HDFCLIFE,NSE
17632,COMPINFO-EQ,COMPINFO,NSE
14813,ADSL-EQ,ADSL,NSE
6364,NATIONALUM-EQ,NATIONALUM,NSE
6673,FOODSIN-EQ,FOODSIN,NSE
1593,MGEL-EQ,MGEL,NSE
15044,DELTACORP-EQ,DELTACORP,NSE
22377,MAXHEALTH-EQ,MAXHEALTH,NSE
11287,UPL-EQ,UPL,NSE
480,BIRLACORPN-EQ,BIRLACORPN,NSE
7325,DCMSRIND-EQ,DCMSRIND,NSE
22243,EBBETF0425-EQ,EBBETF0425,NSE
10905,GENESYS-EQ,GENESYS,NSE
11387,UMANGDAIRY-EQ,UMANGDAIRY,NSE
15184,BRIGADE-EQ,BRIGADE,NSE
11045,SATIA-EQ,SATIA,NSE
3834,BHARATRAS-EQ,BHARATRAS,NSE
14612,SIMBHALS-EQ,SIMBHALS,NSE
2841,LXCHEM-EQ,LXCHEM,NSE
203,ASHAPURMIN-EQ,ASHAPURMIN,NSE
2397,SANDHAR-EQ,SANDHAR,NSE
6782,NIPPOBATRY-EQ,NIPPOBATRY,NSE
11427,NDTV-EQ,NDTV,NSE
1153,GLAXO-EQ,GLAXO,NSE
4,21STCENMGM-EQ,21STCENMGM,NSE
9354,TAJGVK-EQ,TAJGVK,NSE
10181,BALKRISHNA-EQ,BALKRISHNA,NSE
13839,DONEAR-EQ,DONEAR,NSE
157,APOLLOHOSP-EQ,APOLLOHOSP,NSE
694,CIPLA-EQ,CIPLA,NSE
619,CENTENKA-EQ,CENTENKA,NSE
19599,PRAKASHSTL-EQ,PRAKASHSTL,NSE
19877,RADIOCITY-EQ,RADIOCITY,NSE
1621,TATAINVEST-EQ,TATAINVEST,NSE
11829,SSWL-EQ,SSWL,NSE
7422,MONQ50-EQ,MONQ50,NSE
18220,KECL-EQ,KECL,NSE
1547,RKEC-EQ,RKEC,NSE
13400,BHAGERIA-EQ,BHAGERIA,NSE
15259,RPOWER-EQ,RPOWER,NSE
14942,NAGREEKCAP-EQ,NAGREEKCAP,NSE
18011,WHIRLPOOL-EQ,WHIRLPOOL,NSE
15179,ECLERX-EQ,ECLERX,NSE
3099,SHREDIGCEM-EQ,SHREDIGCEM,NSE
8075,DALBHARAT-EQ,DALBHARAT,NSE
14607,TGBHOTELS-EQ,TGBHOTELS,NSE
393,GLOBE-EQ,GLOBE,NSE
2188,GENCON-EQ,GENCON,NSE
15034,BAJAJELEC-EQ,BAJAJELEC,NSE
22347,MACPOWER-EQ,MACPOWER,NSE
3247,NITIRAJ-EQ,NITIRAJ,NSE
3375,SURYAROSNI-EQ,SURYAROSNI,NSE
1442,SANOFI-EQ,SANOFI,NSE
10993,INDORAMA-EQ,INDORAMA,NSE
12489,SWSOLAR-EQ,SWSOLAR,NSE
436,IFGLEXPOR-EQ,IFGLEXPOR,NSE
14702,NAGREEKEXP-EQ,NAGREEKEXP,NSE
10516,FEL-EQ,FEL,NSE
592,GRAPHITE-EQ,GRAPHITE,NSE
4747,INDNIPPON-EQ,INDNIPPON,NSE
7145,ANANDRATHI-EQ,ANANDRATHI,NSE
12978,NPBET-EQ,NPBET,NSE
31475,ORBTEXP-EQ,ORBTEXP,NSE
3703,VIPIND-EQ,VIPIND,NSE
11817,MANGALAM-EQ,MANGALAM,NSE
1594,INFY-EQ,INFY,NSE
13702,VISHWARAJ-EQ,VISHWARAJ,NSE
742,COSMOFILMS-EQ,COSMOFILMS,NSE
17044,SHARIABEES-EQ,SHARIABEES,NSE
7361,SETFNIFBK-EQ,SETFNIFBK,NSE
21484,STEL-EQ,STEL,NSE
13106,NAHARINDUS-EQ,NAHARINDUS,NSE
12026,RENUKA-EQ,RENUKA,NSE
10661,PONNIERODE-EQ,PONNIERODE,NSE
6051,CYBERTECH-EQ,CYBERTECH,NSE
1979,LAXMIMACH-EQ,LAXMIMACH,NSE
21195,GTPL-EQ,GTPL,NSE
31415,NBCC-EQ,NBCC,NSE
6125,GOODLUCK-EQ,GOODLUCK,NSE
8341,CALSOFT-EQ,CALSOFT,NSE
21119,KICL-EQ,KICL,NSE
11647,KOTARISUG-EQ,KOTARISUG,NSE
11491,APARINDS-EQ,APARINDS,NSE
25340,VASWANI-EQ,VASWANI,NSE
16657,ANIKINDS-EQ,ANIKINDS,NSE
11856,SHAHALLOYS-EQ,SHAHALLOYS,NSE
11369,TTKHLTCARE-EQ,TTKHLTCARE,NSE
20134,RAMKY-EQ,RAMKY,NSE
822,BANKA-EQ,BANKA,NSE
6848,GREENLAM-EQ,GREENLAM,NSE
1927,LIQUIDETF-EQ,LIQUIDETF,NSE
2048,INDIGOPNTS-EQ,INDIGOPNTS,NSE
17270,ASPINWALL-EQ,ASPINWALL,NSE
13236,SADBHAV-EQ,SADBHAV,NSE
13987,ABSLBANETF-EQ,ABSLBANETF,NSE
13376,UTTAMSUGAR-EQ,UTTAMSUGAR,NSE
13116,QUICKHEAL-EQ,QUICKHEAL,NSE
17507,INCREDIBLE-EQ,INCREDIBLE,NSE
21154,ERIS-EQ,ERIS,NSE
1023,FEDERALBNK-EQ,FEDERALBNK,NSE
3634,UTTAMSTL-EQ,UTTAMSTL,NSE
3912,KHAITANLTD-EQ,KHAITANLTD,NSE
2107,STOVEKRAFT-EQ,STOVEKRAFT,NSE
2997,SANGHIIND-EQ,SANGHIIND,NSE
15174,TRIL-EQ,TRIL,NSE
11703,ALKEM-EQ,ALKEM,NSE
1270,AMBUJACEM-EQ,AMBUJACEM,NSE
31409,MTEDUCARE-EQ,MTEDUCARE,NSE
11364,VAIBHAVGBL-EQ,VAIBHAVGBL,NSE
10406,STEELCITY-EQ,STEELCITY,NSE
6951,LINC-EQ,LINC,NSE
19438,AHLEAST-EQ,AHLEAST,NSE
14198,TIMKEN-EQ,TIMKEN,NSE
14490,NCLIND-EQ,NCLIND,NSE
20224,CEBBCO-EQ,CEBBCO,NSE
17032,THYROCARE-EQ,THYROCARE,NSE
16819,QNIFTY-EQ,QNIFTY,NSE
18479,ISFT-EQ,ISFT,NSE
29577,NETFNIF100-EQ,NETFNIF100,NSE
3506,TITAN-EQ,TITAN,NSE
20242,OBEROIRLTY-EQ,OBEROIRLTY,NSE
24409,DHANUKA-EQ,DHANUKA,NSE
6297,HEALTHY-EQ,HEALTHY,NSE
21469,OPTIEMUS-EQ,OPTIEMUS,NSE
17263,ARMANFIN-EQ,ARMANFIN,NSE
4010,PVP-EQ,PVP,NSE
2168,RAJMET-EQ,RAJMET,NSE
1901,CUMMINSIND-EQ,CUMMINSIND,NSE
1508,ASTERDM-EQ,ASTERDM,NSE
3048,SCI-EQ,SCI,NSE
25780,APLAPOLLO-EQ,APLAPOLLO,NSE
29050,ZUARI-EQ,ZUARI,NSE
13381,KKCL-EQ,KKCL,NSE
11265,TVSELECT-EQ,TVSELECT,NSE
9428,SKIPPER-EQ,SKIPPER,NSE
15007,MANGCHEFER-EQ,MANGCHEFER,NSE
15332,NMDC-EQ,NMDC,NSE
17722,DEN-EQ,DEN,NSE
25023,GAYAPROJ-EQ,GAYAPROJ,NSE
7200,SHRIRAMPPS-EQ,SHRIRAMPPS,NSE
3351,SUNPHARMA-EQ,SUNPHARMA,NSE
25536,UJAAS-EQ,UJAAS,NSE
7425,HECPROJECT-EQ,HECPROJECT,NSE
14218,CTE-EQ,CTE,NSE
13441,BALPHARMA-EQ,BALPHARMA,NSE
22233,DHUNINV-EQ,DHUNINV,NSE
6417,KRITI-EQ,KRITI,NSE
13111,ORIENTABRA-EQ,ORIENTABRA,NSE
11821,WELCORP-EQ,WELCORP,NSE
29008,SUNCLAYLTD-EQ,SUNCLAYLTD,NSE
27161,CINELINE-EQ,CINELINE,NSE
857,DHAMPURSUG-EQ,DHAMPURSUG,NSE
25756,VIKASECO-EQ,VIKASECO,NSE
21957,INDTERRAIN-EQ,INDTERRAIN,NSE
20877,PSPPROJECT-EQ,PSPPROJECT,NSE
4299,STERTOOLS-EQ,STERTOOLS,NSE
10300,RAMASTEEL-EQ,RAMASTEEL,NSE
5475,GRSE-EQ,GRSE,NSE
18378,FRETAIL-EQ,FRETAIL,NSE
15337,RAIN-EQ,RAIN,NSE
16751,RANEENGINE-EQ,RANEENGINE,NSE
15229,LICNFNHGP-EQ,LICNFNHGP,NSE
3237,JTEKTINDIA-EQ,JTEKTINDIA,NSE
25,ADANIENT-EQ,ADANIENT,NSE
4433,HITECHGEAR-EQ,HITECHGEAR,NSE
2313,MURUDCERA-EQ,MURUDCERA,NSE
11058,SECURKLOUD-EQ,SECURKLOUD,NSE
7508,ZENTEC-EQ,ZENTEC,NSE
6545,NYKAA-EQ,NYKAA,NSE
16827,KOKUYOCMLN-EQ,KOKUYOCMLN,NSE
11441,LICNETFSEN-EQ,LICNETFSEN,NSE
25468,PAISALO-EQ,PAISALO,NSE
18564,LTTS-EQ,LTTS,NSE
14154,MINDAIND-EQ,MINDAIND,NSE
3389,AGARIND-EQ,AGARIND,NSE
3724,VSTIND-EQ,VSTIND,NSE
3172,NETFGILT5Y-EQ,NETFGILT5Y,NSE
25640,IDBIGOLD-EQ,IDBIGOLD,NSE
14627,HILTON-EQ,HILTON,NSE
24184,PIIND-EQ,PIIND,NSE
4184,SANGAMIND-EQ,SANGAMIND,NSE
21254,ICICILOVOL-EQ,ICICILOVOL,NSE
1826,KAMATHOTEL-EQ,KAMATHOTEL,NSE
4235,WENDT-EQ,WENDT,NSE
14003,ZEEMEDIA-EQ,ZEEMEDIA,NSE
11593,HDFCSENETF-EQ,HDFCSENETF,NSE
685,CHOLAFIN-EQ,CHOLAFIN,NSE
21427,THEINVEST-EQ,THEINVEST,NSE
17424,GLOBUSSPR-EQ,GLOBUSSPR,NSE
8825,PRIVISCL-EQ,PRIVISCL,NSE
11782,EVEREADY-EQ,EVEREADY,NSE
324,ANGELONE-EQ,ANGELONE,NSE
17333,MHRIL-EQ,MHRIL,NSE
4378,ICICISENSX-EQ,ICICISENSX,NSE
438,BHEL-EQ,BHEL,NSE
2142,MFSL-EQ,MFSL,NSE
13585,ATLANTA-EQ,ATLANTA,NSE
1255,GOLDENTOBC-EQ,GOLDENTOBC,NSE
22277,WORTH-EQ,WORTH,NSE
1455,HIL-EQ,HIL,NSE
1919,KOPRAN-EQ,KOPRAN,NSE
3799,WSTCSTPAPR-EQ,WSTCSTPAPR,NSE
13982,JASH-EQ,JASH,NSE
2283,MRPL-EQ,MRPL,NSE
13285,M&MFIN-EQ,M&MFIN,NSE
2289,HLEGLAS-EQ,HLEGLAS,NSE
14745,ADVANIHOTR-EQ,ADVANIHOTR,NSE
10440,LUPIN-EQ,LUPIN,NSE
13086,AIAENG-EQ,AIAENG,NSE
10599,GUJGASLTD-EQ,GUJGASLTD,NSE
14366,IDEA-EQ,IDEA,NSE
11050,SIRCA-EQ,SIRCA,NSE
2859,RAYMOND-EQ,RAYMOND,NSE
2320,SMCGLOBAL-EQ,SMCGLOBAL,NSE
312,TIINDIA-EQ,TIINDIA,NSE
3918,NATCOPHARM-EQ,NATCOPHARM,NSE
357,NAM-INDIA-EQ,NAM-INDIA,NSE
724,TATACOFFEE-EQ,TATACOFFEE,NSE
13404,SUNTV-EQ,SUNTV,NSE
17351,SALONA-EQ,SALONA,NSE
11212,SHK-EQ,SHK,NSE
3987,GREENPLY-EQ,GREENPLY,NSE
21770,ICICIGI-EQ,ICICIGI,NSE
3766,WHEELS-EQ,WHEELS,NSE
6656,POLICYBZR-EQ,POLICYBZR,NSE
25178,TDPOWERSYS-EQ,TDPOWERSYS,NSE
4014,NBVENTURES-EQ,NBVENTURES,NSE
11868,63MOONS-EQ,63MOONS,NSE
5622,ITDCEM-EQ,ITDCEM,NSE
25190,TECHIN-EQ,TECHIN,NSE
18431,BIGBLOC-EQ,BIGBLOC,NSE
22440,UTIBANKETF-EQ,UTIBANKETF,NSE
11140,SUMIT-EQ,SUMIT,NSE
2421,NILKAMAL-EQ,NILKAMAL,NSE
29284,VMART-EQ,VMART,NSE
16725,RPGLIFE-EQ,RPGLIFE,NSE
477,BIRLACABLE-EQ,BIRLACABLE,NSE
20080,EROSMEDIA-EQ,EROSMEDIA,NSE
2792,EASEMYTRIP-EQ,EASEMYTRIP,NSE
17468,MAXVIL-EQ,MAXVIL,NSE
2406,NEULANDLAB-EQ,NEULANDLAB,NSE
9897,AIRAN-EQ,AIRAN,NSE
13496,PFOCUS-EQ,PFOCUS,NSE
7374,STAR-EQ,STAR,NSE
11359,DHANBANK-EQ,DHANBANK,NSE
17933,BEARDSELL-EQ,BEARDSELL,NSE
10176,SETFNIF50-EQ,SETFNIF50,NSE
21713,LASA-EQ,LASA,NSE
21501,SIS-EQ,SIS,NSE
10557,NAVKARCORP-EQ,NAVKARCORP,NSE
13342,VAKRANGEE-EQ,VAKRANGEE,NSE
11319,LICNETFN50-EQ,LICNETFN50,NSE
19223,TCIEXP-EQ,TCIEXP,NSE
13147,PVR-EQ,PVR,NSE
19111,NBIFIN-EQ,NBIFIN,NSE
13925,NFL-EQ,NFL,NSE
11872,GRANULES-EQ,GRANULES,NSE
31181,MCX-EQ,MCX,NSE
14853,OMAXE-EQ,OMAXE,NSE
13501,ALLCARGO-EQ,ALLCARGO,NSE
25684,JISLDVREQS-EQ,JISLDVREQS,NSE
13577,VOLTAMP-EQ,VOLTAMP,NSE
341,BALRAMCHIN-EQ,BALRAMCHIN,NSE
3267,SREINFRA-EQ,SREINFRA,NSE
14466,KIRLFER-EQ,KIRLFER,NSE
4684,SONACOMS-EQ,SONACOMS,NSE
13126,REPRO-EQ,REPRO,NSE
13421,EMKAY-EQ,EMKAY,NSE
14501,BALAMINES-EQ,BALAMINES,NSE
6407,LAMBODHARA-EQ,LAMBODHARA,NSE
18321,LGBBROSLTD-EQ,LGBBROSLTD,NSE
4221,VISAKAIND-EQ,VISAKAIND,NSE
8585,NLCINDIA-EQ,NLCINDIA,NSE
896,KHAICHEM-EQ,KHAICHEM,NSE
3126,SHREYANIND-EQ,SHREYANIND,NSE
13875,JINDRILL-EQ,JINDRILL,NSE
2969,SAKHTISUG-EQ,SAKHTISUG,NSE
1512,INDHOTEL-EQ,INDHOTEL,NSE
13598,SELAN-EQ,SELAN,NSE
9552,RVNL-EQ,RVNL,NSE
17971,SBICARD-EQ,SBICARD,NSE
2031,M&M-EQ,M&M,NSE
1491,IFCI-EQ,IFCI,NSE
2643,PFIZER-EQ,PFIZER,NSE
29135,INDUSTOWER-EQ,INDUSTOWER,NSE
4421,CREDITACC-EQ,CREDITACC,NSE
20698,SCHAND-EQ,SCHAND,NSE
13643,ELECON-EQ,ELECON,NSE
17272,SETFGOLD-EQ,SETFGOLD,NSE
8591,AKSHOPTFBR-EQ,AKSHOPTFBR,NSE
11927,NECLIFE-EQ,NECLIFE,NSE
11256,JAIBALAJI-EQ,JAIBALAJI,NSE
6713,MOLDTKPAC-EQ,MOLDTKPAC,NSE
20446,PODDARHOUS-EQ,PODDARHOUS,NSE
11961,REVATHI-EQ,REVATHI,NSE
10346,DGCONTENT-EQ,DGCONTENT,NSE
1476,IDBI-EQ,IDBI,NSE
1030,AARON-EQ,AARON,NSE
3423,TATAMETALI-EQ,TATAMETALI,NSE
11809,IIFL-EQ,IIFL,NSE
235,AAKASH-EQ,AAKASH,NSE
13637,JMFINANCIL-EQ,JMFINANCIL,NSE
21174,CDSL-EQ,CDSL,NSE
14245,TVSSRICHAK-EQ,TVSSRICHAK,NSE
14582,SRHHYPOLTD-EQ,SRHHYPOLTD,NSE
30012,CEREBRAINT-EQ,CEREBRAINT,NSE
9384,CREATIVEYE-EQ,CREATIVEYE,NSE
338,BALMLAWRIE-EQ,BALMLAWRIE,NSE
2307,MUNJALSHOW-EQ,MUNJALSHOW,NSE
13290,BLKASHYAP-EQ,BLKASHYAP,NSE
3063,VEDL-EQ,VEDL,NSE
3387,SMLISUZU-EQ,SMLISUZU,NSE
1008,FACT-EQ,FACT,NSE
11439,BANKBEES-EQ,BANKBEES,NSE
16253,EBBETF0430-EQ,EBBETF0430,NSE
15288,HERCULES-EQ,HERCULES,NSE
5385,AAVAS-EQ,AAVAS,NSE
21332,BHAGYAPROP-EQ,BHAGYAPROP,NSE
25136,BROOKS-EQ,BROOKS,NSE
6040,EIFFL-EQ,EIFFL,NSE
13859,VENUSREM-EQ,VENUSREM,NSE
335,BALKRISIND-EQ,BALKRISIND,NSE
19233,AARTISURF-EQ,AARTISURF,NSE
11394,ZOTA-EQ,ZOTA,NSE
22255,NDRAUTO-EQ,NDRAUTO,NSE
25088,ASAHISONG-EQ,ASAHISONG,NSE
2687,POLYPLEX-EQ,POLYPLEX,NSE
19913,DMART-EQ,DMART,NSE
3022,NETFSDL26-EQ,NETFSDL26,NSE
1756,JINDALPOLY-EQ,JINDALPOLY,NSE
18202,ARSSINFRA-EQ,ARSSINFRA,NSE
22344,ICICIALPLV-EQ,ICICIALPLV,NSE
10791,NUCLEUS-EQ,NUCLEUS,NSE
3547,EQUIPPP-EQ,EQUIPPP,NSE
18422,ASIANHOTNR-EQ,ASIANHOTNR,NSE
2988,SANDESH-EQ,SANDESH,NSE
714,SHALBY-EQ,SHALBY,NSE
10990,RADICO-EQ,RADICO,NSE
359,ROML-EQ,ROML,NSE
3150,SIEMENS-EQ,SIEMENS,NSE
4656,SBCL-EQ,SBCL,NSE
20223,CLEDUCATE-EQ,CLEDUCATE,NSE
4469,ELECTHERM-EQ,ELECTHERM,NSE
22602,PFS-EQ,PFS,NSE
9819,HAVELLS-EQ,HAVELLS,NSE
4491,JCHAC-EQ,JCHAC,NSE
881,DRREDDY-EQ,DRREDDY,NSE
30835,PILITA-EQ,PILITA,NSE
18581,KIRLOSBROS-EQ,KIRLOSBROS,NSE
21423,MOM100-EQ,MOM100,NSE
5114,SGIL-EQ,SGIL,NSE
31234,SCHNEIDER-EQ,SCHNEIDER,NSE
12009,IMPAL-EQ,IMPAL,NSE
25574,SHAKTIPUMP-EQ,SHAKTIPUMP,NSE
2183,SUNDARMHLD-EQ,SUNDARMHLD,NSE
11549,TEXINFRA-EQ,TEXINFRA,NSE
1467,AKZOINDIA-EQ,AKZOINDIA,NSE
5428,TRIGYN-EQ,TRIGYN,NSE
3837,TOKYOPLAST-EQ,TOKYOPLAST,NSE
6803,STEELCAS-EQ,STEELCAS,NSE
6045,PASUPTAC-EQ,PASUPTAC,NSE
11971,GOLDIAM-EQ,GOLDIAM,NSE
5186,STYLAMIND-EQ,STYLAMIND,NSE
6216,CAMLINFINE-EQ,CAMLINFINE,NSE
14687,GOACARBON-EQ,GOACARBON,NSE
404,BERGEPAINT-EQ,BERGEPAINT,NSE
2454,CENTRUM-EQ,CENTRUM,NSE
13648,TALBROAUTO-EQ,TALBROAUTO,NSE
21113,BFINVEST-EQ,BFINVEST,NSE
13,ABB-EQ,ABB,NSE
7518,TREJHARA-EQ,TREJHARA,NSE
17752,SHILPAMED-EQ,SHILPAMED,NSE
2431,RAILTEL-EQ,RAILTEL,NSE
2705,PRAJIND-EQ,PRAJIND,NSE
4973,NETFPHARMA-EQ,NETFPHARMA,NSE
2350,NURECA-EQ,NURECA,NSE
6643,SJS-EQ,SJS,NSE
278,AUTOAXLES-EQ,AUTOAXLES,NSE
13430,KELLTONTEC-EQ,KELLTONTEC,NSE
1085,GABRIEL-EQ,GABRIEL,NSE
10447,MCDOWELL-N-EQ,MCDOWELL-N,NSE
17635,ZYDUSWELL-EQ,ZYDUSWELL,NSE
9007,NOVARTIND-EQ,NOVARTIND,NSE
18292,IVZINGOLD-EQ,IVZINGOLD,NSE
2979,ORTINLAB-EQ,ORTINLAB,NSE
13367,SGL-EQ,SGL,NSE
11511,CENTEXT-EQ,CENTEXT,NSE
2783,JUBLINGREA-EQ,JUBLINGREA,NSE
6262,SELMC-EQ,SELMC,NSE
15239,BIRLAMONEY-EQ,BIRLAMONEY,NSE
13966,HBLPOWER-EQ,HBLPOWER,NSE
1675,ITI-EQ,ITI,NSE
7838,NETF-EQ,NETF,NSE
15414,TWL-EQ,TWL,NSE
10580,TCI-EQ,TCI,NSE
1681,IVP-EQ,IVP,NSE
20852,ZEELEARN-EQ,ZEELEARN,NSE
3908,PREMIERPOL-EQ,PREMIERPOL,NSE
757,CRISIL-EQ,CRISIL,NSE
20160,CANTABIL-EQ,CANTABIL,NSE
14771,TARMAT-EQ,TARMAT,NSE
2144,BDL-EQ,BDL,NSE
4037,AUSOMENT-EQ,AUSOMENT,NSE
3546,TTKPRESTIG-EQ,TTKPRESTIG,NSE
18659,MARATHON-EQ,MARATHON,NSE
1465,ACCURACY-EQ,ACCURACY,NSE
5378,ASAHIINDIA-EQ,ASAHIINDIA,NSE
24391,DELPHIFX-EQ,DELPHIFX,NSE
4344,PUNJABCHEM-EQ,PUNJABCHEM,NSE
919,EIHOTEL-EQ,EIHOTEL,NSE
13761,BBL-EQ,BBL,NSE
1624,IOC-EQ,IOC,NSE
17046,HINDNATGLS-EQ,HINDNATGLS,NSE
3821,ZODIACLOTH-EQ,ZODIACLOTH,NSE
11483,LT-EQ,LT,NSE
11082,LIBAS-EQ,LIBAS,NSE
18457,POWERINDIA-EQ,POWERINDIA,NSE
6368,SICAL-EQ,SICAL,NSE
17130,PARAGMILK-EQ,PARAGMILK,NSE
14111,NETWORK18-EQ,NETWORK18,NSE
4668,BANKBARODA-EQ,BANKBARODA,NSE
19133,CMICABLES-EQ,CMICABLES,NSE
772,DABUR-EQ,DABUR,NSE
8652,VETO-EQ,VETO,NSE
11236,JSL-EQ,JSL,NSE
19234,LAURUSLABS-EQ,LAURUSLABS,NSE
2854,CRAFTSMAN-EQ,CRAFTSMAN,NSE
166,ANDHRAPAP-EQ,ANDHRAPAP,NSE
13821,RUCHIRA-EQ,RUCHIRA,NSE
11705,XCHANGING-EQ,XCHANGING,NSE
20323,RESPONIND-EQ,RESPONIND,NSE
2275,IRISDOREME-EQ,IRISDOREME,NSE
17685,GPTINFRA-EQ,GPTINFRA,NSE
3637,JUBLPHARMA-EQ,JUBLPHARMA,NSE
1186,GLAND-EQ,GLAND,NSE
1190,FMGOETZE-EQ,FMGOETZE,NSE
5926,INTELLECT-EQ,INTELLECT,NSE
19731,GPPL-EQ,GPPL,NSE
30392,ICICINF100-EQ,ICICINF100,NSE
399,NIACL-EQ,NIACL,NSE
31163,RHIM-EQ,RHIM,NSE
13885,ARIHANT-EQ,ARIHANT,NSE
13305,CENTURYPLY-EQ,CENTURYPLY,NSE
3149,BORORENEW-EQ,BORORENEW,NSE
14304,FSL-EQ,FSL,NSE
20453,APCL-EQ,APCL,NSE
15308,SHRIRAMEPC-EQ,SHRIRAMEPC,NSE
24265,ESTER-EQ,ESTER,NSE
625,CENTURYTEX-EQ,CENTURYTEX,NSE
8024,CINEVISTA-EQ,CINEVISTA,NSE
13786,TORNTPOWER-EQ,TORNTPOWER,NSE
11975,RML-EQ,RML,NSE
2972,ORIENTELEC-EQ,ORIENTELEC,NSE
5606,INTLCONV-EQ,INTLCONV,NSE
527,UTIAMC-EQ,UTIAMC,NSE
13528,GMRINFRA-EQ,GMRINFRA,NSE
27107,SPECIALITY-EQ,SPECIALITY,NSE
471,BINDALAGRO-EQ,BINDALAGRO,NSE
16249,INFIBEAM-EQ,INFIBEAM,NSE
4067,MARICO-EQ,MARICO,NSE
7,AARTIIND-EQ,AARTIIND,NSE
17702,ICICIMCAP-EQ,ICICIMCAP,NSE
1515,INDIACEM-EQ,INDIACEM,NSE
11860,JKPAPER-EQ,JKPAPER,NSE
3010,AXISTECETF-EQ,AXISTECETF,NSE
20321,SHANKARA-EQ,SHANKARA,NSE
13710,FIEMIND-EQ,FIEMIND,NSE
18154,HATHWAY-EQ,HATHWAY,NSE
928,ELECTCAST-EQ,ELECTCAST,NSE
25392,PANAMAPET-EQ,PANAMAPET,NSE
16222,EBBETF0423-EQ,EBBETF0423,NSE
910,EICHERMOT-EQ,EICHERMOT,NSE
14086,IGPL-EQ,IGPL,NSE
9385,PNCINFRA-EQ,PNCINFRA,NSE
14592,FORTIS-EQ,FORTIS,NSE
154,APCOTEXIND-EQ,APCOTEXIND,NSE
17475,ICICINV20-EQ,ICICINV20,NSE
6286,GULPOLY-EQ,GULPOLY,NSE
2263,BANDHANBNK-EQ,BANDHANBNK,NSE
5373,DEVYANI-EQ,DEVYANI,NSE
17875,GODREJPROP-EQ,GODREJPROP,NSE
11233,SUVEN-EQ,SUVEN,NSE
19025,KIRLOSIND-EQ,KIRLOSIND,NSE
21001,PSB-EQ,PSB,NSE
14602,WEBELSOLAR-EQ,WEBELSOLAR,NSE
16852,EQUITAS-EQ,EQUITAS,NSE
11979,HTMEDIA-EQ,HTMEDIA,NSE
14557,AROGRANITE-EQ,AROGRANITE,NSE
4160,NORBTEAEXP-EQ,NORBTEAEXP,NSE
3963,GOCLCORP-EQ,GOCLCORP,NSE
23804,BSLGOLDETF-EQ,BSLGOLDETF,NSE
17700,NETFLTGILT-EQ,NETFLTGILT,NSE
2492,SILGO-EQ,SILGO,NSE
15362,VGUARD-EQ,VGUARD,NSE
10604,BHARTIARTL-EQ,BHARTIARTL,NSE
526,BPCL-EQ,BPCL,NSE
14982,CENTUM-EQ,CENTUM,NSE
25718,POLYMED-EQ,POLYMED,NSE
15313,IRB-EQ,IRB,NSE
19289,MOM50-EQ,MOM50,NSE
13260,KEC-EQ,KEC,NSE
10755,APTECHT-EQ,APTECHT,NSE
805,DCM-EQ,DCM,NSE
277,GICRE-EQ,GICRE,NSE
381,SINTERCOM-EQ,SINTERCOM,NSE
5501,YUKEN-EQ,YUKEN,NSE
14908,KDDL-EQ,KDDL,NSE
13658,GEECEE-EQ,GEECEE,NSE
14485,THEMISMED-EQ,THEMISMED,NSE
10588,SHREEPUSHK-EQ,SHREEPUSHK,NSE
13751,NAUKRI-EQ,NAUKRI,NSE
20159,ARIHANTSUP-EQ,ARIHANTSUP,NSE
4422,INDIANCARD-EQ,INDIANCARD,NSE
1363,HINDALCO-EQ,HINDALCO,NSE
5143,JAICORPLTD-EQ,JAICORPLTD,NSE
804,SHIVATEX-EQ,SHIVATEX,NSE
1145,GIPCL-EQ,GIPCL,NSE
6606,DSPNEWETF-EQ,DSPNEWETF,NSE
28913,ROSSELLIND-EQ,ROSSELLIND,NSE
9847,NETFNV20-EQ,NETFNV20,NSE
1660,ITC-EQ,ITC,NSE
3363,SUPREMEIND-EQ,SUPREMEIND,NSE
2085,MAHSCOOTER-EQ,MAHSCOOTER,NSE
9590,POLYCAB-EQ,POLYCAB,NSE
4179,SUNDRMBRAK-EQ,SUNDRMBRAK,NSE
3396,TAINWALCHM-EQ,TAINWALCHM,NSE
19543,HDFCMFGETF-EQ,HDFCMFGETF,NSE
5948,SOUTHBANK-EQ,SOUTHBANK,NSE
7929,CADILAHC-EQ,CADILAHC,NSE
1835,KANORICHEM-EQ,KANORICHEM,NSE
13801,SUTLEJTEX-EQ,SUTLEJTEX,NSE
24217,IVZINNIFTY-EQ,IVZINNIFTY,NSE
1530,INDIANHUME-EQ,INDIANHUME,NSE
29962,JUSTDIAL-EQ,JUSTDIAL,NSE
17295,NAGAFERT-EQ,NAGAFERT,NSE
13776,GESHIP-EQ,GESHIP,NSE
3807,VINEETLAB-EQ,VINEETLAB,NSE
3475,THERMAX-EQ,THERMAX,NSE
21808,SBILIFE-EQ,SBILIFE,NSE
5631,PAR-EQ,PAR,NSE
10578,MPSLTD-EQ,MPSLTD,NSE
347,BANARBEADS-EQ,BANARBEADS,NSE
3715,VLSFINANCE-EQ,VLSFINANCE,NSE
21690,DIXON-EQ,DIXON,NSE
16395,MMP-EQ,MMP,NSE
1348,HEROMOTOCO-EQ,HEROMOTOCO,NSE
14972,KSCL-EQ,KSCL,NSE
17586,BIRLATYRE-EQ,BIRLATYRE,NSE
2535,PGHH-EQ,PGHH,NSE
3426,TATAPOWER-EQ,TATAPOWER,NSE
2616,SEAMECLTD-EQ,SEAMECLTD,NSE
14445,NAHARPOLY-EQ,NAHARPOLY,NSE
8119,RPSGVENT-EQ,RPSGVENT,NSE
1250,CASTROLIND-EQ,CASTROLIND,NSE
14450,IBREALEST-EQ,IBREALEST,NSE
5426,NUVOCO-EQ,NUVOCO,NSE
11580,WESTLIFE-EQ,WESTLIFE,NSE
6858,DHRUV-EQ,DHRUV,NSE
25017,BODALCHEM-EQ,BODALCHEM,NSE
5279,ROLEXRINGS-EQ,ROLEXRINGS,NSE
10188,SHYAMCENT-EQ,SHYAMCENT,NSE
15119,EDELWEISS-EQ,EDELWEISS,NSE
5732,AXISCETF-EQ,AXISCETF,NSE
8546,CHALET-EQ,CHALET,NSE
4529,ICICINXT50-EQ,ICICINXT50,NSE
14208,TV18BRDCST-EQ,TV18BRDCST,NSE
1949,KSB-EQ,KSB,NSE
15419,DPSCLTD-EQ,DPSCLTD,NSE
19184,SFL-EQ,SFL,NSE
21840,DIAMONDYD-EQ,DIAMONDYD,NSE
13352,MALUPAPER-EQ,MALUPAPER,NSE
8998,MRO-TEK-EQ,MRO-TEK,NSE
24231,OMINFRAL-EQ,OMINFRAL,NSE
4963,ICICIBANK-EQ,ICICIBANK,NSE
1235,GREAVESCOT-EQ,GREAVESCOT,NSE
13055,PBAINFRA-EQ,PBAINFRA,NSE
3045,SBIN-EQ,SBIN,NSE
25897,MINDACORP-EQ,MINDACORP,NSE
1044,AXISBNKETF-EQ,AXISBNKETF,NSE
14435,JKTYRE-EQ,JKTYRE,NSE
20616,SUPERHOUSE-EQ,SUPERHOUSE,NSE
3186,SKFINDIA-EQ,SKFINDIA,NSE
17833,AHLUCONT-EQ,AHLUCONT,NSE
20621,PENIND-EQ,PENIND,NSE
1162,GTL-EQ,GTL,NSE
22365,ICICITECH-EQ,ICICITECH,NSE
1406,HINDPETRO-EQ,HINDPETRO,NSE
4481,AARTIDRUGS-EQ,AARTIDRUGS,NSE
15068,RELIGARE-EQ,RELIGARE,NSE
2073,VTL-EQ,VTL,NSE
7196,BBETF0432-EQ,BBETF0432,NSE
13656,ALICON-EQ,ALICON,NSE
15303,BANG-EQ,BANG,NSE
12847,KRISHANA-EQ,KRISHANA,NSE
11355,PTC-EQ,PTC,NSE
2306,BESTAGRO-EQ,BESTAGRO,NSE
14977,POWERGRID-EQ,POWERGRID,NSE
5142,CIGNITITEC-EQ,CIGNITITEC,NSE
2354,KBCGLOBAL-EQ,KBCGLOBAL,NSE
17357,GKWLIMITED-EQ,GKWLIMITED,NSE
722,SBIETFPB-EQ,SBIETFPB,NSE
18822,ENDURANCE-EQ,ENDURANCE,NSE
3291,STARPAPER-EQ,STARPAPER,NSE
13796,MANALIPETC-EQ,MANALIPETC,NSE
30108,ABFRL-EQ,ABFRL,NSE
628,CESC-EQ,CESC,NSE
6127,DIGJAMLMTD-EQ,DIGJAMLMTD,NSE
1997,LICHSGFIN-EQ,LICHSGFIN,NSE
6445,TECHNOE-EQ,TECHNOE,NSE
11957,IDFC-EQ,IDFC,NSE
2709,MTARTECH-EQ,MTARTECH,NSE
2481,ONWARDTEC-EQ,ONWARDTEC,NSE
31468,LYPSAGEMS-EQ,LYPSAGEMS,NSE
16927,JOCIL-EQ,JOCIL,NSE
744,FSC-EQ,FSC,NSE
14761,NELCAST-EQ,NELCAST,NSE
13295,VISASTEEL-EQ,VISASTEEL,NSE
6006,COASTCORP-EQ,COASTCORP,NSE
1196,KANSAINER-EQ,KANSAINER,NSE
7390,SUPRIYA-EQ,SUPRIYA,NSE
18252,SPAL-EQ,SPAL,NSE
9889,SMARTLINK-EQ,SMARTLINK,NSE
20790,SUMEETINDS-EQ,SUMEETINDS,NSE
5751,SANSERA-EQ,SANSERA,NSE
1964,TRENT-EQ,TRENT,NSE
19271,DFMFOODS-EQ,DFMFOODS,NSE
8311,BLUESTARCO-EQ,BLUESTARCO,NSE
13300,NITCO-EQ,NITCO,NSE
13463,PIONEEREMB-EQ,PIONEEREMB,NSE
29423,MOHITIND-EQ,MOHITIND,NSE
11671,PRESSMN-EQ,PRESSMN,NSE
14101,PTL-EQ,PTL,NSE
15017,MAANALU-EQ,MAANALU,NSE
11677,INDOCO-EQ,INDOCO,NSE
8479,TVSMOTOR-EQ,TVSMOTOR,NSE
20329,CGCL-EQ,CGCL,NSE
8736,PNBGILTS-EQ,PNBGILTS,NSE
3357,SUPERSPIN-EQ,SUPERSPIN,NSE
866,DHARSUGAR-EQ,DHARSUGAR,NSE
10940,DIVISLAB-EQ,DIVISLAB,NSE
5313,UGROCAP-EQ,UGROCAP,NSE
1200,MAESGETF-EQ,MAESGETF,NSE
14334,HSCL-EQ,HSCL,NSE
19073,AARVI-EQ,AARVI,NSE
2627,KOTAKIT-EQ,KOTAKIT,NSE
11884,MANINDS-EQ,MANINDS,NSE
9309,STLTECH-EQ,STLTECH,NSE
4693,SHYAMMETL-EQ,SHYAMMETL,NSE
10099,GODREJCP-EQ,GODREJCP,NSE
2056,HOMEFIRST-EQ,HOMEFIRST,NSE
5359,KRSNAA-EQ,KRSNAA,NSE
1663,ATFL-EQ,ATFL,NSE
11798,ALLSEC-EQ,ALLSEC,NSE
1110,DANGEE-EQ,DANGEE,NSE
13587,ACE-EQ,ACE,NSE
18118,THANGAMAYL-EQ,THANGAMAYL,NSE
14309,INDIANB-EQ,INDIANB,NSE
4717,GAIL-EQ,GAIL,NSE
16795,ARCHIDPLY-EQ,ARCHIDPLY,NSE
15061,KOTAKPSUBK-EQ,KOTAKPSUBK,NSE
17728,ASTEC-EQ,ASTEC,NSE
11919,MSPL-EQ,MSPL,NSE
13522,NECCLTD-EQ,NECCLTD,NSE
14838,DECCANCE-EQ,DECCANCE,NSE
22282,TIRUPATIFL-EQ,TIRUPATIFL,NSE
2814,ARVEE-EQ,ARVEE,NSE
708,SHRADHA-EQ,SHRADHA,NSE
14356,MINDTREE-EQ,MINDTREE,NSE
16675,BAJAJFINSV-EQ,BAJAJFINSV,NSE
701,HEMIPROP-EQ,HEMIPROP,NSE
11689,SUPRAJIT-EQ,SUPRAJIT,NSE
255,NIRAJ-EQ,NIRAJ,NSE
16639,KIRIINDUS-EQ,KIRIINDUS,NSE
1204,PRAXIS-EQ,PRAXIS,NSE
4176,ZENITHEXPO-EQ,ZENITHEXPO,NSE
21749,CAPACITE-EQ,CAPACITE,NSE
29598,REPCOHOME-EQ,REPCOHOME,NSE
3607,UNIVCABLES-EQ,UNIVCABLES,NSE
10074,EMAMIPAP-EQ,EMAMIPAP,NSE
27037,TBZ-EQ,TBZ,NSE
9683,KPITTECH-EQ,KPITTECH,NSE
11253,WELSPUNIND-EQ,WELSPUNIND,NSE
6062,LICNETFGSC-EQ,LICNETFGSC,NSE
5688,ARCHIES-EQ,ARCHIES,NSE
13101,VIMTALABS-EQ,VIMTALABS,NSE
11522,NIITLTD-EQ,NIITLTD,NSE
9260,ARROWGREEN-EQ,ARROWGREEN,NSE
19049,SANCO-EQ,SANCO,NSE
13221,INOXLEISUR-EQ,INOXLEISUR,NSE
11935,SPLIL-EQ,SPLIL,NSE
14667,KMSUGAR-EQ,KMSUGAR,NSE
4809,KCPSUGIND-EQ,KCPSUGIND,NSE
2987,NAZARA-EQ,NAZARA,NSE
2794,RSWM-EQ,RSWM,NSE
15204,ARIES-EQ,ARIES,NSE
3579,UNICHEMLAB-EQ,UNICHEMLAB,NSE
6232,3IINFOLTD-EQ,3IINFOLTD,NSE
21951,HFCL-EQ,HFCL,NSE
559,BSL-EQ,BSL,NSE
24196,VADILALIND-EQ,VADILALIND,NSE
25482,TIJARIA-EQ,TIJARIA,NSE
11965,VIVIMEDLAB-EQ,VIVIMEDLAB,NSE
7672,IMAGICAA-EQ,IMAGICAA,NSE
2598,AMJLAND-EQ,AMJLAND,NSE
3718,VOLTAS-EQ,VOLTAS,NSE
11403,POONAWALLA-EQ,POONAWALLA,NSE
25328,APLLTD-EQ,APLLTD,NSE
4525,DYNAMATECH-EQ,DYNAMATECH,NSE
19299,ITDC-EQ,ITDC,NSE
715,CLNINDIA-EQ,CLNINDIA,NSE
1164,NEWGEN-EQ,NEWGEN,NSE
1247,GSFC-EQ,GSFC,NSE
4957,GANGAFORGE-EQ,GANGAFORGE,NSE
7919,BYKE-EQ,BYKE,NSE
29733,NIBL-EQ,NIBL,NSE
30023,ATULAUTO-EQ,ATULAUTO,NSE
4105,SILINV-EQ,SILINV,NSE
3980,TNPL-EQ,TNPL,NSE
17641,SUNTECK-EQ,SUNTECK,NSE
17486,EXPLEOSOL-EQ,EXPLEOSOL,NSE
19943,DEEPAKNTR-EQ,DEEPAKNTR,NSE
21551,SMSLIFE-EQ,SMSLIFE,NSE
3432,TATACONSUM-EQ,TATACONSUM,NSE
13332,SOLARINDS-EQ,SOLARINDS,NSE
13720,JHS-EQ,JHS,NSE
20140,GALLISPAT-EQ,GALLISPAT,NSE
19211,HMVL-EQ,HMVL,NSE
1185,AMBER-EQ,AMBER,NSE
1394,HINDUNILVR-EQ,HINDUNILVR,NSE
1708,JAYBARMARU-EQ,JAYBARMARU,NSE
16783,GET&D-EQ,GET&D,NSE
7053,ACCELYA-EQ,ACCELYA,NSE
15244,KAVVERITEL-EQ,KAVVERITEL,NSE
967,SUBEXLTD-EQ,SUBEXLTD,NSE
10828,SEYAIND-EQ,SEYAIND,NSE
20419,ANDHRACEMT-EQ,ANDHRACEMT,NSE
19205,TMRVL-EQ,TMRVL,NSE
21733,RHFL-EQ,RHFL,NSE
20778,JAMNAAUTO-EQ,JAMNAAUTO,NSE
3772,WILLAMAGOR-EQ,WILLAMAGOR,NSE
14848,ALPA-EQ,ALPA,NSE
7851,RAMCOSYS-EQ,RAMCOSYS,NSE
15399,EIHAHOTELS-EQ,EIHAHOTELS,NSE
11532,ULTRACEMCO-EQ,ULTRACEMCO,NSE
15151,MADHAV-EQ,MADHAV,NSE
8828,GAEL-EQ,GAEL,NSE
11662,BCP-EQ,BCP,NSE
13565,RAMANEWS-EQ,RAMANEWS,NSE
14957,MAGNUM-EQ,MAGNUM,NSE
12603,PRECAM-EQ,PRECAM,NSE
17957,MMTC-EQ,MMTC,NSE
7553,NRBBEARING-EQ,NRBBEARING,NSE
16821,VINYLINDIA-EQ,VINYLINDIA,NSE
24999,YAARI-EQ,YAARI,NSE
20825,HUDCO-EQ,HUDCO,NSE
1214,DELTAMAGNT-EQ,DELTAMAGNT,NSE
27008,HEXATRADEX-EQ,HEXATRADEX,NSE
7353,SETFNN50-EQ,SETFNN50,NSE
17105,SUMICHEM-EQ,SUMICHEM,NSE
1174,GNFC-EQ,GNFC,NSE
16913,ARTEMISMED-EQ,ARTEMISMED,NSE
11841,KENNAMET-EQ,KENNAMET,NSE
11065,NATHBIOGEN-EQ,NATHBIOGEN,NSE
7276,UDAICEMENT-EQ,UDAICEMENT,NSE
199,MASFIN-EQ,MASFIN,NSE
22360,MCL-EQ,MCL,NSE
3748,WEIZMANIND-EQ,WEIZMANIND,NSE
10276,KAYA-EQ,KAYA,NSE
3570,UCALFUEL-EQ,UCALFUEL,NSE
10576,NIFTYBEES-EQ,NIFTYBEES,NSE
7603,CMSINFO-EQ,CMSINFO,NSE
4843,SNOWMAN-EQ,SNOWMAN,NSE
1521,INDIAGLYCO-EQ,INDIAGLYCO,NSE
11731,CONSOFINVT-EQ,CONSOFINVT,NSE
2316,HEIDELBERG-EQ,HEIDELBERG,NSE
28906,MAYURUNIQ-EQ,MAYURUNIQ,NSE
11223,UCOBANK-EQ,UCOBANK,NSE
16959,ALKALI-EQ,ALKALI,NSE
31507,JPOLYINVST-EQ,JPOLYINVST,NSE
236,ASIANPAINT-EQ,ASIANPAINT,NSE
7169,MICEL-EQ,MICEL,NSE
14116,GANDHITUBE-EQ,GANDHITUBE,NSE
21478,UTINEXT50-EQ,UTINEXT50,NSE
3252,SPIC-EQ,SPIC,NSE
3509,TNPETRO-EQ,TNPETRO,NSE
18921,VBL-EQ,VBL,NSE
1937,KREBSBIO-EQ,KREBSBIO,NSE
1581,TARC-EQ,TARC,NSE
937,ELGIEQUIP-EQ,ELGIEQUIP,NSE
11773,VISHAL-EQ,VISHAL,NSE
1129,KEERTI-EQ,KEERTI,NSE
7254,MEDPLUS-EQ,MEDPLUS,NSE
10794,CANBK-EQ,CANBK,NSE
14403,RAJTV-EQ,RAJTV,NSE
17364,VINATIORGA-EQ,VINATIORGA,NSE
5054,GRINFRA-EQ,GRINFRA,NSE
10922,OMAXAUTO-EQ,OMAXAUTO,NSE
14552,PHOENIXLTD-EQ,PHOENIXLTD,NSE
10925,GODREJIND-EQ,GODREJIND,NSE
11892,VHL-EQ,VHL,NSE
12231,OCCL-EQ,OCCL,NSE
9576,MAHESHWARI-EQ,MAHESHWARI,NSE
17547,AMRUTANJAN-EQ,AMRUTANJAN,NSE
676,EXIDEIND-EQ,EXIDEIND,NSE
24870,INVENTURE-EQ,INVENTURE,NSE
11411,RKFORGE-EQ,RKFORGE,NSE
14296,SEQUENT-EQ,SEQUENT,NSE
305,BAJAJHLDNG-EQ,BAJAJHLDNG,NSE
220,IEX-EQ,IEX,NSE
21392,MAGADSUGAR-EQ,MAGADSUGAR,NSE
11460,JPASSOCIAT-EQ,JPASSOCIAT,NSE
12173,HNDFDS-EQ,HNDFDS,NSE
20936,KIRLOSENG-EQ,KIRLOSENG,NSE
18096,JUBLFOOD-EQ,JUBLFOOD,NSE
16965,TATAMTRDVR-EQ,TATAMTRDVR,NSE
27067,VSSL-EQ,VSSL,NSE
474,3MINDIA-EQ,3MINDIA,NSE
17152,ICICIM150-EQ,ICICIM150,NSE
9921,ALANKIT-EQ,ALANKIT,NSE
6818,LATENTVIEW-EQ,LATENTVIEW,NSE
7936,AVANTIFEED-EQ,AVANTIFEED,NSE
14858,KOTAKGOLD-EQ,KOTAKGOLD,NSE
2435,NETFCONSUM-EQ,NETFCONSUM,NSE
19265,BLISSGVS-EQ,BLISSGVS,NSE
17758,SARDAEN-EQ,SARDAEN,NSE
1497,SHIVAMILLS-EQ,SHIVAMILLS,NSE
1726,JBCHEPHARM-EQ,JBCHEPHARM,NSE
18029,MBLINFRA-EQ,MBLINFRA,NSE
14657,INSECTICID-EQ,INSECTICID,NSE
14223,TIIL-EQ,TIIL,NSE
21676,HINDMOTORS-EQ,HINDMOTORS,NSE
1494,BURGERKING-EQ,BURGERKING,NSE
5292,PRITIKAUTO-EQ,PRITIKAUTO,NSE
637,CHAMBLFERT-EQ,CHAMBLFERT,NSE
2844,RANEHOLDIN-EQ,RANEHOLDIN,NSE
13076,SORILINFRA-EQ,SORILINFRA,NSE
7109,JMA-EQ,JMA,NSE
3078,SHANTIGEAR-EQ,SHANTIGEAR,NSE
1841,KCP-EQ,KCP,NSE
13976,TANLA-EQ,TANLA,NSE
13192,ENIL-EQ,ENIL,NSE
13310,KEI-EQ,KEI,NSE
2442,NOCIL-EQ,NOCIL,NSE
24538,MAITHANALL-EQ,MAITHANALL,NSE
11896,GEOJITFSL-EQ,GEOJITFSL,NSE
6446,ICICICONSU-EQ,ICICICONSU,NSE
13251,SAKUMA-EQ,SAKUMA,NSE
5782,MASPTOP50-EQ,MASPTOP50,NSE
2606,LEMONTREE-EQ,LEMONTREE,NSE
3021,SOTL-EQ,SOTL,NSE
13592,HOVS-EQ,HOVS,NSE
27095,SWANENERGY-EQ,SWANENERGY,NSE
1053,UFLEX-EQ,UFLEX,NSE
20560,DOLLAR-EQ,DOLLAR,NSE
13211,JAGRAN-EQ,JAGRAN,NSE
4671,JSWISPL-EQ,JSWISPL,NSE
1330,HDFC-EQ,HDFC,NSE
31138,COMPUSOFT-EQ,COMPUSOFT,NSE
5911,PARAS-EQ,PARAS,NSE
7848,BIL-EQ,BIL,NSE
781,DALMIASUG-EQ,DALMIASUG,NSE
18086,DBL-EQ,DBL,NSE
25584,TRITURBINE-EQ,TRITURBINE,NSE
2319,NCC-EQ,NCC,NSE
15039,CERA-EQ,CERA,NSE
5206,ANDREWYU-EQ,ANDREWYU,NSE
15129,RGL-EQ,RGL,NSE
11915,YESBANK-EQ,YESBANK,NSE
6964,GOCOLORS-EQ,GOCOLORS,NSE
7242,METROBRAND-EQ,METROBRAND,NSE
15234,AMBIKCO-EQ,AMBIKCO,NSE
3787,WIPRO-EQ,WIPRO,NSE
17927,BAYERCROP-EQ,BAYERCROP,NSE
1073,FOSECOIND-EQ,FOSECOIND,NSE
3482,CLSEL-EQ,CLSEL,NSE
2939,RUBYMILLS-EQ,RUBYMILLS,NSE
13451,RATNAMANI-EQ,RATNAMANI,NSE
1403,HINDOILEXP-EQ,HINDOILEXP,NSE
1327,HCL-INSYS-EQ,HCL-INSYS,NSE
14423,LAOPALA-EQ,LAOPALA,NSE
15189,BGRENERGY-EQ,BGRENERGY,NSE
24948,L&TFH-EQ,L&TFH,NSE
6068,AIROLAM-EQ,AIROLAM,NSE
15254,CEATLTD-EQ,CEATLTD,NSE
6961,MENONBE-EQ,MENONBE,NSE
2385,NAVNETEDUL-EQ,NAVNETEDUL,NSE
12124,DOLATALGO-EQ,DOLATALGO,NSE
4204,MOTHERSUMI-EQ,MOTHERSUMI,NSE
874,ASTRON-EQ,ASTRON,NSE
11591,HDFCNIFETF-EQ,HDFCNIFETF,NSE
13414,RSYSTEMS-EQ,RSYSTEMS,NSE
19447,CAPTRUST-EQ,CAPTRUST,NSE
5258,INDUSINDBK-EQ,INDUSINDBK,NSE
11909,SWELECTES-EQ,SWELECTES,NSE
7227,MAPMYINDIA-EQ,MAPMYINDIA,NSE
1639,TATASTLLP-EQ,TATASTLLP,NSE
1267,GUJALKALI-EQ,GUJALKALI,NSE
16045,PRINCEPIPE-EQ,PRINCEPIPE,NSE
15141,COLPAL-EQ,COLPAL,NSE
13517,EMAMILTD-EQ,EMAMILTD,NSE
940,PGHL-EQ,PGHL,NSE
19322,HISARMETAL-EQ,HISARMETAL,NSE
14319,TFL-EQ,TFL,NSE
17069,UJJIVAN-EQ,UJJIVAN,NSE
2912,RIIL-EQ,RIIL,NSE
14966,CSBBANK-EQ,CSBBANK,NSE
8050,MAHLIFE-EQ,MAHLIFE,NSE
12034,BASML-EQ,BASML,NSE
14597,ALPHAGEO-EQ,ALPHAGEO,NSE
583,CANFINHOME-EQ,CANFINHOME,NSE
15032,PSUBNKBEES-EQ,PSUBNKBEES,NSE
1994,LIBERTSHOE-EQ,LIBERTSHOE,NSE
25492,ONELIFECAP-EQ,ONELIFECAP,NSE
16719,ALMONDZ-EQ,ALMONDZ,NSE
4244,HDFCAMC-EQ,HDFCAMC,NSE
13035,SAFARI-EQ,SAFARI,NSE
14278,ORIENTBELL-EQ,ORIENTBELL,NSE
8771,MEP-EQ,MEP,NSE
4522,SIGIND-EQ,SIGIND,NSE
15266,JKIL-EQ,JKIL,NSE
16921,20MICRONS-EQ,20MICRONS,NSE
2649,PHILIPCARB-EQ,PHILIPCARB,NSE
20534,GRAVITA-EQ,GRAVITA,NSE
14361,APOLLOPIPE-EQ,APOLLOPIPE,NSE
18992,PIONDIST-EQ,PIONDIST,NSE
2472,OILCOUNTUB-EQ,OILCOUNTUB,NSE
1485,IFBIND-EQ,IFBIND,NSE
17839,GILLANDERS-EQ,GILLANDERS,NSE
11630,NTPC-EQ,NTPC,NSE
15384,DHANI-EQ,DHANI,NSE
11072,AGRITECH-EQ,AGRITECH,NSE
13816,DAAWAT-EQ,DAAWAT,NSE
13409,GPIL-EQ,GPIL,NSE
3024,JINDALSAW-EQ,JINDALSAW,NSE
2711,PRECOT-EQ,PRECOT,NSE
11626,WELENT-EQ,WELENT,NSE
15342,SHALPAINTS-EQ,SHALPAINTS,NSE
2303,HAL-EQ,HAL,NSE
5435,APTUS-EQ,APTUS,NSE
6462,TECH-EQ,TECH,NSE
2439,NKIND-EQ,NKIND,NSE
21131,TEJASNET-EQ,TEJASNET,NSE
3586,MOKSH-EQ,MOKSH,NSE
4838,ICICILIQ-EQ,ICICILIQ,NSE
11739,SHRIRAMCIT-EQ,SHRIRAMCIT,NSE
3403,AJOONI-EQ,AJOONI,NSE
11794,SAKSOFT-EQ,SAKSOFT,NSE
16713,UBL-EQ,UBL,NSE
24532,FILATEX-EQ,FILATEX,NSE
11596,LINCOLN-EQ,LINCOLN,NSE
17659,UNIVPHOTO-EQ,UNIVPHOTO,NSE
20086,CAREERP-EQ,CAREERP,NSE
1782,KANPRPLA-EQ,KANPRPLA,NSE
13750,FLUOROCHEM-EQ,FLUOROCHEM,NSE
3273,SRF-EQ,SRF,NSE
17062,PALREDTEC-EQ,PALREDTEC,NSE
11155,CREATIVE-EQ,CREATIVE,NSE
20776,BHAGYANGR-EQ,BHAGYANGR,NSE
3066,SESHAPAPER-EQ,SESHAPAPER,NSE
6302,APOLSINHOT-EQ,APOLSINHOT,NSE
13436,LOKESHMACH-EQ,LOKESHMACH,NSE
6863,BAJAJHCARE-EQ,BAJAJHCARE,NSE
6663,SIGACHI-EQ,SIGACHI,NSE
916,EIDPARRY-EQ,EIDPARRY,NSE
19531,BAJAJCON-EQ,BAJAJCON,NSE
9253,NILAINFRA-EQ,NILAINFRA,NSE
11655,JBMA-EQ,JBMA,NSE
553,RELINFRA-EQ,RELINFRA,NSE
10637,OLECTRA-EQ,OLECTRA,NSE
547,BRITANNIA-EQ,BRITANNIA,NSE
11027,INFOBEAN-EQ,INFOBEAN,NSE
9539,SAKAR-EQ,SAKAR,NSE
201,UNIDT-EQ,UNIDT,NSE
14008,AVTNPL-EQ,AVTNPL,NSE
4055,PANACEABIO-EQ,PANACEABIO,NSE
15360,NAHARCAP-EQ,NAHARCAP,NSE
21614,ABCAPITAL-EQ,ABCAPITAL,NSE
11581,GULFPETRO-EQ,GULFPETRO,NSE
13337,GALLANTT-EQ,GALLANTT,NSE
11457,KOTAKNV20-EQ,KOTAKNV20,NSE
18977,UNIVASTU-EQ,UNIVASTU,NSE
419,BEPL-EQ,BEPL,NSE
18863,VERTOZ-EQ,VERTOZ,NSE
10457,ARVSMART-EQ,ARVSMART,NSE
17963,NESTLEIND-EQ,NESTLEIND,NSE
1360,HIMATSEIDE-EQ,HIMATSEIDE,NSE
6943,TARSONS-EQ,TARSONS,NSE
3456,TATAMOTORS-EQ,TATAMOTORS,NSE
13756,SHIVAMAUTO-EQ,SHIVAMAUTO,NSE
21017,FMNL-EQ,FMNL,NSE
7129,ZODIAC-EQ,ZODIAC,NSE
17881,DBCORP-EQ,DBCORP,NSE
7105,TEGA-EQ,TEGA,NSE
5382,MFL-EQ,MFL,NSE
13072,IIFLSEC-EQ,IIFLSEC,NSE
317,BAJFINANCE-EQ,BAJFINANCE,NSE
2029,IRFC-EQ,IRFC,NSE
5610,ASTRAZEN-EQ,ASTRAZEN,NSE
3088,INDOSTAR-EQ,INDOSTAR,NSE
3736,WALCHANNAG-EQ,WALCHANNAG,NSE
3827,ZUARIGLOB-EQ,ZUARIGLOB,NSE
19525,IITL-EQ,IITL,NSE
27297,RTNINDIA-EQ,RTNINDIA,NSE
3316,MODISNME-EQ,MODISNME,NSE
15209,PPAP-EQ,PPAP,NSE
10618,SADBHIN-EQ,SADBHIN,NSE
4986,IRCON-EQ,IRCON,NSE
10738,OFSS-EQ,OFSS,NSE
14618,CHEMBOND-EQ,CHEMBOND,NSE
14912,KPRMILL-EQ,KPRMILL,NSE
3608,AXISHCETF-EQ,AXISHCETF,NSE
342,CAMS-EQ,CAMS,NSE
13270,JKCEMENT-EQ,JKCEMENT,NSE
9046,AGROPHOS-EQ,AGROPHOS,NSE
18895,JPINFRATEC-EQ,JPINFRATEC,NSE
25512,FLEXITUFF-EQ,FLEXITUFF,NSE
21623,APEX-EQ,APEX,NSE
19761,ADFFOODS-EQ,ADFFOODS,NSE
6198,FCL-EQ,FCL,NSE
1389,SUPREMEENG-EQ,SUPREMEENG,NSE
5108,KPIGLOBAL-EQ,KPIGLOBAL,NSE
6543,GRPLTD-EQ,GRPLTD,NSE
9939,ONEPOINT-EQ,ONEPOINT,NSE
20413,IOLCP-EQ,IOLCP,NSE
6913,RPPL-EQ,RPPL,NSE
11778,GOKEX-EQ,GOKEX,NSE
11840,NH-EQ,NH,NSE
5306,ICICIFMCG-EQ,ICICIFMCG,NSE
14547,NXTDIGITAL-EQ,NXTDIGITAL,NSE
4745,BANKINDIA-EQ,BANKINDIA,NSE
31258,NDL-EQ,NDL,NSE
3345,SUNDRMFAST-EQ,SUNDRMFAST,NSE
14567,BFUTILITIE-EQ,BFUTILITIE,NSE
21252,AXISNIFTY-EQ,AXISNIFTY,NSE
16123,BHARATWIRE-EQ,BHARATWIRE,NSE
14014,LUMAXTECH-EQ,LUMAXTECH,NSE
13457,KAMDHENU-EQ,KAMDHENU,NSE
1597,INGERRAND-EQ,INGERRAND,NSE
17821,ARSHIYA-EQ,ARSHIYA,NSE
11309,BALAXI-EQ,BALAXI,NSE
14535,GOLDSHARE-EQ,GOLDSHARE,NSE
15214,DVL-EQ,DVL,NSE
7679,MONARCH-EQ,MONARCH,NSE
11301,LUXIND-EQ,LUXIND,NSE
1614,FAIRCHEMOR-EQ,FAIRCHEMOR,NSE
8124,AJANTPHARM-EQ,AJANTPHARM,NSE
3466,TFCILTD-EQ,TFCILTD,NSE
17742,BAFNAPH-EQ,BAFNAPH,NSE
3518,TORNTPHARM-EQ,TORNTPHARM,NSE
809,BSHSL-EQ,BSHSL,NSE
330,VALIANTORG-EQ,VALIANTORG,NSE
3727,ANMOL-EQ,ANMOL,NSE
20906,A2ZINFRA-EQ,A2ZINFRA,NSE
2489,ISEC-EQ,ISEC,NSE
1142,GINNIFILA-EQ,GINNIFILA,NSE
11039,DCMNVL-EQ,DCMNVL,NSE
11195,INDIGO-EQ,INDIGO,NSE
12304,JSLHISAR-EQ,JSLHISAR,NSE
11743,JINDALPHOT-EQ,JINDALPHOT,NSE
3329,ISGEC-EQ,ISGEC,NSE
14299,PFC-EQ,PFC,NSE
10310,AURUM-EQ,AURUM,NSE
9039,UFO-EQ,UFO,NSE
8506,NETFMID150-EQ,NETFMID150,NSE
14413,PAGEIND-EQ,PAGEIND,NSE
17400,NHPC-EQ,NHPC,NSE
7451,DSPN50ETF-EQ,DSPN50ETF,NSE
1338,SDBL-EQ,SDBL,NSE
4136,BIOFILCHEM-EQ,BIOFILCHEM,NSE
5701,CUB-EQ,CUB,NSE
19800,WELINV-EQ,WELINV,NSE
3688,VIKASWSP-EQ,VIKASWSP,NSE
19061,MANAPPURAM-EQ,MANAPPURAM,NSE
16807,LOTUSEYE-EQ,LOTUSEYE,NSE
21511,OMKARCHEM-EQ,OMKARCHEM,NSE
1038,FINCABLES-EQ,FINCABLES,NSE
1814,KALPATPOWR-EQ,KALPATPOWR,NSE
2882,RELCAPITAL-EQ,RELCAPITAL,NSE
2868,HITECH-EQ,HITECH,NSE
17818,LTI-EQ,LTI,NSE
22739,MON100-EQ,MON100,NSE
28899,KITEX-EQ,KITEX,NSE
2595,3PLAND-EQ,3PLAND,NSE
14707,TIMETECHNO-EQ,TIMETECHNO,NSE
11634,SALSTEEL-EQ,SALSTEEL,NSE
21238,AUBANK-EQ,AUBANK,NSE
1570,GMMPFAUDLR-EQ,GMMPFAUDLR,NSE
4116,HBSL-EQ,HBSL,NSE
14096,SIYSIL-EQ,SIYSIL,NSE
2277,MRF-EQ,MRF,NSE
17022,MAWANASUG-EQ,MAWANASUG,NSE
7463,MANAKSTEEL-EQ,MANAKSTEEL,NSE
11543,COFORGE-EQ,COFORGE,NSE
18110,VASCONEQ-EQ,VASCONEQ,NSE
1336,HEG-EQ,HEG,NSE
827,DEEPAKFERT-EQ,DEEPAKFERT,NSE
1879,ACRYSIL-EQ,ACRYSIL,NSE
1011,SCHAEFFLER-EQ,SCHAEFFLER,NSE
2610,PEARLPOLY-EQ,PEARLPOLY,NSE
9581,METROPOLIS-EQ,METROPOLIS,NSE
3292,DEEPINDS-EQ,DEEPINDS,NSE
17541,DAMODARIND-EQ,DAMODARIND,NSE
5851,KOTAKBKETF-EQ,KOTAKBKETF,NSE
6164,BHAGCHEM-EQ,BHAGCHEM,NSE
12686,MBAPL-EQ,MBAPL,NSE
16589,VAISHALI-EQ,VAISHALI,NSE
350,BANARISUG-EQ,BANARISUG,NSE
3405,TATACHEM-EQ,TATACHEM,NSE
17770,GROBTEA-EQ,GROBTEA,NSE
18284,HNGSNGBEES-EQ,HNGSNGBEES,NSE
6353,MAN50ETF-EQ,MAN50ETF,NSE
5049,CLEAN-EQ,CLEAN,NSE
7862,GEPIL-EQ,GEPIL,NSE
15283,KNRCON-EQ,KNRCON,NSE
445,5PAISA-EQ,5PAISA,NSE
14019,TIDEWATER-EQ,TIDEWATER,NSE
4157,KEYFINSERV-EQ,KEYFINSERV,NSE
31837,SREEL-EQ,SREEL,NSE
14894,CENTRALBK-EQ,CENTRALBK,NSE
10511,UTINIFTETF-EQ,UTINIFTETF,NSE
136,ANDHRSUGAR-EQ,ANDHRSUGAR,NSE
1838,KARURVYSYA-EQ,KARURVYSYA,NSE
17002,FELDVR-EQ,FELDVR,NSE
7412,KOTAKALPHA-EQ,KOTAKALPHA,NSE
993,EVERESTIND-EQ,EVERESTIND,NSE
18889,KSL-EQ,KSL,NSE
19036,PODDARMENT-EQ,PODDARMENT,NSE
21541,JUBLINDS-EQ,JUBLINDS,NSE
1720,JAYSREETEA-EQ,JAYSREETEA,NSE
6422,MANORG-EQ,MANORG,NSE
18039,ADVENZYMES-EQ,ADVENZYMES,NSE
5938,MONTECARLO-EQ,MONTECARLO,NSE
7852,INOXWIND-EQ,INOXWIND,NSE
2181,BOSCHLTD-EQ,BOSCHLTD,NSE
5633,J&KBANK-EQ,J&KBANK,NSE
11618,ASTRAMICRO-EQ,ASTRAMICRO,NSE
6600,GENUSPAPER-EQ,GENUSPAPER,NSE
22239,EBBETF0431-EQ,EBBETF0431,NSE
4487,ALKYLAMINE-EQ,ALKYLAMINE,NSE
11325,MUKANDLTD-EQ,MUKANDLTD,NSE
11239,NSIL-EQ,NSIL,NSE
5352,EXXARO-EQ,EXXARO,NSE
2088,MAHSEAMLES-EQ,MAHSEAMLES,NSE
4898,FDC-EQ,FDC,NSE
30125,IBULHSGFIN-EQ,IBULHSGFIN,NSE
15278,ONMOBILE-EQ,ONMOBILE,NSE
11987,ICIL-EQ,ICIL,NSE
16705,GOKUL-EQ,GOKUL,NSE
6836,FOCUS-EQ,FOCUS,NSE
11293,UNIENTER-EQ,UNIENTER,NSE
17675,ALOKINDS-EQ,ALOKINDS,NSE
15146,JYOTHYLAB-EQ,JYOTHYLAB,NSE
16915,WABCOINDIA-EQ,WABCOINDIA,NSE
11220,VARDHACRLC-EQ,VARDHACRLC,NSE
5245,AAREYDRUGS-EQ,AAREYDRUGS,NSE
5528,KOTHARIPRO-EQ,KOTHARIPRO,NSE
11271,DREDGECORP-EQ,DREDGECORP,NSE
2124,MASTEK-EQ,MASTEK,NSE
1480,REPL-EQ,REPL,NSE
936,DPABHUSHAN-EQ,DPABHUSHAN,NSE
6843,SMLT-EQ,SMLT,NSE
2463,MIDHANI-EQ,MIDHANI,NSE
4041,JAYAGROGN-EQ,JAYAGROGN,NSE
1576,GILLETTE-EQ,GILLETTE,NSE
19410,ROSSARI-EQ,ROSSARI,NSE
18783,IDFNIFTYET-EQ,IDFNIFTYET,NSE
17307,AJMERA-EQ,AJMERA,NSE
9917,NEOGEN-EQ,NEOGEN,NSE
6757,MARSHALL-EQ,MARSHALL,NSE
16669,BAJAJ-AUTO-EQ,BAJAJ-AUTO,NSE
2043,RAMCOCEM-EQ,RAMCOCEM,NSE
509,MAZDOCK-EQ,MAZDOCK,NSE
20092,TASTYBITE-EQ,TASTYBITE,NSE
9342,PNC-EQ,PNC,NSE
9168,UTISXN50-EQ,UTISXN50,NSE
14329,SMSPHARMA-EQ,SMSPHARMA,NSE
15377,PDMJEPAPER-EQ,PDMJEPAPER,NSE
5394,MOL-EQ,MOL,NSE
2739,PRSMJOHNSN-EQ,PRSMJOHNSN,NSE
2562,HUHTAMAKI-EQ,HUHTAMAKI,NSE
15271,CORDSCABLE-EQ,CORDSCABLE,NSE
14314,TTL-EQ,TTL,NSE
13771,AARVEEDEN-EQ,AARVEEDEN,NSE
3745,WATERBASE-EQ,WATERBASE,NSE
14843,VIPCLOTHNG-EQ,VIPCLOTHNG,NSE
3812,ZEEL-EQ,ZEEL,NSE
7074,MAHKTECH-EQ,MAHKTECH,NSE
17397,PREMEXPLN-EQ,PREMEXPLN,NSE
10515,UTISENSETF-EQ,UTISENSETF,NSE
17903,ABBOTINDIA-EQ,ABBOTINDIA,NSE
19585,BSE-EQ,BSE,NSE
638,SUULD-EQ,SUULD,NSE
760,CGPOWER-EQ,CGPOWER,NSE
2049,CHENNPETRO-EQ,CHENNPETRO,NSE
10634,ASAL-EQ,ASAL,NSE
3001,ICICI500-EQ,ICICI500,NSE
10243,SYNGENE-EQ,SYNGENE,NSE
3162,SIMPLEXINF-EQ,SIMPLEXINF,NSE
4594,KOTHARIPET-EQ,KOTHARIPET,NSE
6227,DTIL-EQ,DTIL,NSE
6218,SIKKO-EQ,SIKKO,NSE
380,BBTC-EQ,BBTC,NSE
23452,TCIDEVELOP-EQ,TCIDEVELOP,NSE
5366,WINDLAS-EQ,WINDLAS,NSE
2909,RICOAUTO-EQ,RICOAUTO,NSE
15355,RECLTD-EQ,RECLTD,NSE
40,AEGISCHEM-EQ,AEGISCHEM,NSE
20196,BEDMUTHA-EQ,BEDMUTHA,NSE
495,BLUEDART-EQ,BLUEDART,NSE
3499,TATASTEEL-EQ,TATASTEEL,NSE
270,CHEMCON-EQ,CHEMCON,NSE
11905,GENUSPOWER-EQ,GENUSPOWER,NSE
14346,ORIENTALTL-EQ,ORIENTALTL,NSE
14927,SRIPIPES-EQ,SRIPIPES,NSE
1627,LINDEINDIA-EQ,LINDEINDIA,NSE
3324,SUBROS-EQ,SUBROS,NSE
739,COROMANDEL-EQ,COROMANDEL,NSE
11006,LIQUIDBEES-EQ,LIQUIDBEES,NSE
21406,AVADHSUGAR-EQ,AVADHSUGAR,NSE
11452,CCL-EQ,CCL,NSE
3435,BBOX-EQ,BBOX,NSE
9937,IBMFNIFTY-EQ,IBMFNIFTY,NSE
11625,EBANK-EQ,EBANK,NSE
19931,ORISSAMINE-EQ,ORISSAMINE,NSE
17477,CONTROLPR-EQ,CONTROLPR,NSE
1134,APOLLO-EQ,APOLLO,NSE
18371,NDGL-EQ,NDGL,NSE
20760,RPPINFRA-EQ,RPPINFRA,NSE
12052,WINPRO-EQ,WINPRO,NSE
17438,OIL-EQ,OIL,NSE
1313,HARRMALAYA-EQ,HARRMALAYA,NSE
3496,TIRUMALCHM-EQ,TIRUMALCHM,NSE
15228,UJJIVANSFB-EQ,UJJIVANSFB,NSE
16683,DIGISPICE-EQ,DIGISPICE,NSE
22428,MAXIND-EQ,MAXIND,NSE
9014,ANUP-EQ,ANUP,NSE
17514,SETCO-EQ,SETCO,NSE
11037,ICICIBANKN-EQ,ICICIBANKN,NSE
17094,CROMPTON-EQ,CROMPTON,NSE
578,LIKHITHA-EQ,LIKHITHA,NSE
17029,RUCHI-EQ,RUCHI,NSE
16933,INDBANK-EQ,INDBANK,NSE
3348,SUNFLAG-EQ,SUNFLAG,NSE
3360,SUPPETRO-EQ,SUPPETRO,NSE
275,AUROPHARMA-EQ,AUROPHARMA,NSE
5900,AXISBANK-EQ,AXISBANK,NSE
14766,V2RETAIL-EQ,V2RETAIL,NSE
20178,AKSHARCHEM-EQ,AKSHARCHEM,NSE
18391,RBLBANK-EQ,RBLBANK,NSE
24403,ASHIANA-EQ,ASHIANA,NSE
11351,PETRONET-EQ,PETRONET,NSE
4410,JAGSNPHARM-EQ,JAGSNPHARM,NSE
10768,OAL-EQ,OAL,NSE
10948,STCINDIA-EQ,STCINDIA,NSE
20063,SASTASUNDR-EQ,SASTASUNDR,NSE
17922,GEEKAYWIRE-EQ,GEEKAYWIRE,NSE
3880,SOMANYCERA-EQ,SOMANYCERA,NSE
9356,MSTCLTD-EQ,MSTCLTD,NSE
21726,MATRIMONY-EQ,MATRIMONY,NSE
2614,HERANBA-EQ,HERANBA,NSE
4587,RAMCOIND-EQ,RAMCOIND,NSE
4870,INDSWFTLAB-EQ,INDSWFTLAB,NSE
10786,NOIDATOLL-EQ,NOIDATOLL,NSE
2636,NETFDIVOPP-EQ,NETFDIVOPP,NSE
6973,DHARAMSI-EQ,DHARAMSI,NSE
14480,GOKULAGRO-EQ,GOKULAGRO,NSE
7627,SHREERAMA-EQ,SHREERAMA,NSE
10577,KRBL-EQ,KRBL,NSE
6733,JINDALSTEL-EQ,JINDALSTEL,NSE
7406,GLENMARK-EQ,GLENMARK,NSE
11446,SPICEJET-EQ,SPICEJET,NSE
21275,SUMMITSEC-EQ,SUMMITSEC,NSE
5578,AMIORG-EQ,AMIORG,NSE
13511,MUNJALAU-EQ,MUNJALAU,NSE
25690,DSSL-EQ,DSSL,NSE
1922,KOTAKBANK-EQ,KOTAKBANK,NSE
14677,GUJAPOLLO-EQ,GUJAPOLLO,NSE
1315,GALAXYSURF-EQ,GALAXYSURF,NSE
15199,MANAKSIA-EQ,MANAKSIA,NSE
10700,SURANAT&P-EQ,SURANAT&P,NSE
14523,ICRA-EQ,ICRA,NSE
425,KHADIM-EQ,KHADIM,NSE
5168,SBIETFCON-EQ,SBIETFCON,NSE
11864,PRIMESECU-EQ,PRIMESECU,NSE
6489,IRIS-EQ,IRIS,NSE
30752,FLFL-EQ,FLFL,NSE
25724,RUPA-EQ,RUPA,NSE
9158,BALAJITELE-EQ,BALAJITELE,NSE
6792,SBC-EQ,SBC,NSE
14788,SPARC-EQ,SPARC,NSE
13197,GSPL-EQ,GSPL,NSE
10530,SHARDAMOTR-EQ,SHARDAMOTR,NSE
3484,TIL-EQ,TIL,NSE
5162,TATVA-EQ,TATVA,NSE
18244,DEEPENR-EQ,DEEPENR,NSE
15083,ADANIPORTS-EQ,ADANIPORTS,NSE
21508,COCHINSHIP-EQ,COCHINSHIP,NSE
4822,DODLA-EQ,DODLA,NSE
811,DCMSHRIRAM-EQ,DCMSHRIRAM,NSE
20374,COALINDIA-EQ,COALINDIA,NSE
11813,SHOPERSTOP-EQ,SHOPERSTOP,NSE
100,AMARAJABAT-EQ,AMARAJABAT,NSE
20072,INFRABEES-EQ,INFRABEES,NSE
11536,TCS-EQ,TCS,NSE
2475,ONGC-EQ,ONGC,NSE
163,APOLLOTYRE-EQ,APOLLOTYRE,NSE
1076,ZENSARTECH-EQ,ZENSARTECH,NSE
11373,BIOCON-EQ,BIOCON,NSE
3906,CAPLIPOINT-EQ,CAPLIPOINT,NSE
2716,BUTTERFLY-EQ,BUTTERFLY,NSE
20314,NRAIL-EQ,NRAIL,NSE
1808,KAJARIACER-EQ,KAJARIACER,NSE
1100,GARFIBRES-EQ,GARFIBRES,NSE
1412,HSIL-EQ,HSIL,NSE
2708,PRAKASH-EQ,PRAKASH,NSE
6429,RSSOFTWARE-EQ,RSSOFTWARE,NSE
3275,TEMBO-EQ,TEMBO,NSE
1375,HCC-EQ,HCC,NSE
17794,SOMICONVEY-EQ,SOMICONVEY,NSE
3563,ADANIGREEN-EQ,ADANIGREEN,NSE
11983,SASKEN-EQ,SASKEN,NSE
20830,MOIL-EQ,MOIL,NSE
7048,HESTERBIO-EQ,HESTERBIO,NSE
10939,JUNIORBEES-EQ,JUNIORBEES,NSE
7016,SHIVALIK-EQ,SHIVALIK,NSE
10415,MUTHOOTCAP-EQ,MUTHOOTCAP,NSE
17764,REFEX-EQ,REFEX,NSE
13620,ANANTRAJ-EQ,ANANTRAJ,NSE
24781,BSLNIFTY-EQ,BSLNIFTY,NSE
10473,POWERMECH-EQ,POWERMECH,NSE
14106,AUTOIND-EQ,AUTOIND,NSE
1205,GOODYEAR-EQ,GOODYEAR,NSE
11435,SPANDANA-EQ,SPANDANA,NSE
13725,DCBBANK-EQ,DCBBANK,NSE
17625,MOLDTECH-EQ,MOLDTECH,NSE
5264,PDSMFL-EQ,PDSMFL,NSE
14922,PURVA-EQ,PURVA,NSE
1507,MOGSEC-EQ,MOGSEC,NSE
18365,PERSISTENT-EQ,PERSISTENT,NSE
1482,IFBAGRO-EQ,IFBAGRO,NSE
14732,DLF-EQ,DLF,NSE
17256,ALBERTDAVD-EQ,ALBERTDAVD,NSE
12716,TEAMLEASE-EQ,TEAMLEASE,NSE
8477,XELPMOC-EQ,XELPMOC,NSE
955,ESABINDIA-EQ,ESABINDIA,NSE
530,BPL-EQ,BPL,NSE
11399,SALZERELEC-EQ,SALZERELEC,NSE
13880,BANCOINDIA-EQ,BANCOINDIA,NSE
206,ASHIMASYN-EQ,ASHIMASYN,NSE
1859,KESORAMIND-EQ,KESORAMIND,NSE
7218,SBIETFQLTY-EQ,SBIETFQLTY,NSE
1168,GMBREW-EQ,GMBREW,NSE
7902,LFIC-EQ,LFIC,NSE
11602,INDSWFTLTD-EQ,INDSWFTLTD,NSE
13572,MANUGRAPH-EQ,MANUGRAPH,NSE
128,ROUTE-EQ,ROUTE,NSE
368,BASF-EQ,BASF,NSE
18520,CUPID-EQ,CUPID,NSE
3672,SOLARA-EQ,SOLARA,NSE
4430,JMCPROJECT-EQ,JMCPROJECT,NSE
14889,ASIANTILES-EQ,ASIANTILES,NSE
13810,GREENPANEL-EQ,GREENPANEL,NSE
6141,PANSARI-EQ,PANSARI,NSE
11880,JSWHL-EQ,JSWHL,NSE
4306,SRTRANSFIN-EQ,SRTRANSFIN,NSE
6718,SAPPHIRE-EQ,SAPPHIRE,NSE
4503,MPHASIS-EQ,MPHASIS,NSE
11275,TVTODAY-EQ,TVTODAY,NSE
29113,CARERATING-EQ,CARERATING,NSE
18214,TEXMOPIPES-EQ,TEXMOPIPES,NSE
11667,DWARKESH-EQ,DWARKESH,NSE
17651,POKARNA-EQ,POKARNA,NSE
11386,ICICIBANKP-EQ,ICICIBANKP,NSE
1289,GFLLIMITED-EQ,GFLLIMITED,NSE
13870,KUANTUM-EQ,KUANTUM,NSE
14937,MAHINDCIE-EQ,MAHINDCIE,NSE
9641,KHANDSE-EQ,KHANDSE,NSE
385,MAHLOG-EQ,MAHLOG,NSE
21314,DYNPRO-EQ,DYNPRO,NSE
2998,SUVIDHAA-EQ,SUVIDHAA,NSE
3327,SUDARSCHEM-EQ,SUDARSCHEM,NSE
17527,MAHASTEEL-EQ,MAHASTEEL,NSE
11471,EXCELINDUS-EQ,EXCELINDUS,NSE
3530,AXISBPSETF-EQ,AXISBPSETF,NSE
20182,ASHOKA-EQ,ASHOKA,NSE
5200,GRAUWEIL-EQ,GRAUWEIL,NSE
10285,AYMSYNTEX-EQ,AYMSYNTEX,NSE
19235,IMFA-EQ,IMFA,NSE
4064,CUBEXTUB-EQ,CUBEXTUB,NSE
14947,MOTILALOFS-EQ,MOTILALOFS,NSE
14068,SAGCEM-EQ,SAGCEM,NSE
20302,PRESTIGE-EQ,PRESTIGE,NSE
14672,NAVINFLUOR-EQ,NAVINFLUOR,NSE
5549,ABMINTLLTD-EQ,ABMINTLLTD,NSE
2514,OSWALAGRO-EQ,OSWALAGRO,NSE
15409,NESCO-EQ,NESCO,NSE
9111,ARVINDFASN-EQ,ARVINDFASN,NSE
1672,HGINFRA-EQ,HGINFRA,NSE
11149,SHRENIK-EQ,SHRENIK,NSE
7401,RAJESHEXPO-EQ,RAJESHEXPO,NSE
3676,VESUVIUS-EQ,VESUVIUS,NSE
8054,KTKBANK-EQ,KTKBANK,NSE
3761,RITES-EQ,RITES,NSE
18908,PNBHOUSING-EQ,PNBHOUSING,NSE
2328,CPSEETF-EQ,CPSEETF,NSE
6278,MEDICAMEQ-EQ,MEDICAMEQ,NSE
10159,ORICONENT-EQ,ORICONENT,NSE
193,ARVIND-EQ,ARVIND,NSE
1415,GLOBAL-EQ,GLOBAL,NSE
19578,UGARSUGAR-EQ,UGARSUGAR,NSE
4394,MIRZAINT-EQ,MIRZAINT,NSE
10726,INDIAMART-EQ,INDIAMART,NSE
8687,MUKTAARTS-EQ,MUKTAARTS,NSE
30038,FCONSUMER-EQ,FCONSUMER,NSE
17534,MGL-EQ,MGL,NSE
144,GODREJAGRO-EQ,GODREJAGRO,NSE
703,DICIND-EQ,DICIND,NSE
6944,GANECOS-EQ,GANECOS,NSE
2816,RALLIS-EQ,RALLIS,NSE
3321,SPMLINFRA-EQ,SPMLINFRA,NSE
7177,RATEGAIN-EQ,RATEGAIN,NSE
13611,IRCTC-EQ,IRCTC,NSE
14712,HGS-EQ,HGS,NSE
1139,GICHSGFIN-EQ,GICHSGFIN,NSE
12018,SUZLON-EQ,SUZLON,NSE
2866,RCF-EQ,RCF,NSE
1797,AWHCL-EQ,AWHCL,NSE
9219,TPLPLASTEH-EQ,TPLPLASTEH,NSE
3694,VINDHYATEL-EQ,VINDHYATEL,NSE
3339,SUNDARMFIN-EQ,SUNDARMFIN,NSE
7287,JTLINFRA-EQ,JTLINFRA,NSE
14134,PITTIENG-EQ,PITTIENG,NSE
34,ADORWELD-EQ,ADORWELD,NSE
11262,IGL-EQ,IGL,NSE
6994,BSOFT-EQ,BSOFT,NSE
4920,HINDCON-EQ,HINDCON,NSE
6579,FINOPB-EQ,FINOPB,NSE
14174,IZMO-EQ,IZMO,NSE
11165,COFFEEDAY-EQ,COFFEEDAY,NSE
20642,JINDWORLD-EQ,JINDWORLD,NSE
19679,ICICIGOLD-EQ,ICICIGOLD,NSE
11377,MAHABANK-EQ,MAHABANK,NSE
11032,SANGINITA-EQ,SANGINITA,NSE
371,BATAINDIA-EQ,BATAINDIA,NSE
3721,TATACOMM-EQ,TATACOMM,NSE
5097,ZOMATO-EQ,ZOMATO,NSE
3384,SWARAJENG-EQ,SWARAJENG,NSE
3813,ARIHANTCAP-EQ,ARIHANTCAP,NSE
7229,HCLTECH-EQ,HCLTECH,NSE
513,BOMDYEING-EQ,BOMDYEING,NSE
426,BHARATGEAR-EQ,BHARATGEAR,NSE
19631,PRICOLLTD-EQ,PRICOLLTD,NSE
18226,MANINFRA-EQ,MANINFRA,NSE
16745,RBL-EQ,RBL,NSE
4751,INDRAMEDCO-EQ,INDRAMEDCO,NSE
11573,FORCEMOT-EQ,FORCEMOT,NSE
2176,AKG-EQ,AKG,NSE
3493,TINPLATE-EQ,TINPLATE,NSE
740,SBIETFIT-EQ,SBIETFIT,NSE
1811,KAKATCEM-EQ,KAKATCEM,NSE
7030,ASIANENE-EQ,ASIANENE,NSE
3103,SHREECEM-EQ,SHREECEM,NSE
2294,MTNL-EQ,MTNL,NSE
19097,SILLYMONKS-EQ,SILLYMONKS,NSE
17388,ADANIPOWER-EQ,ADANIPOWER,NSE
5192,KOVAI-EQ,KOVAI,NSE
2829,ANURAS-EQ,ANURAS,NSE
10,ABAN-EQ,ABAN,NSE
4172,TCNSBRANDS-EQ,TCNSBRANDS,NSE
4992,SHARDACROP-EQ,SHARDACROP,NSE
5585,VIJAYA-EQ,VIJAYA,NSE
24969,WINDMACHIN-EQ,WINDMACHIN,NSE
2885,RELIANCE-EQ,RELIANCE,NSE
25634,ESSARSHPNG-EQ,ESSARSHPNG,NSE
17704,QUESS-EQ,QUESS,NSE
7211,JETFREIGHT-EQ,JETFREIGHT,NSE
14058,SANGHVIMOV-EQ,SANGHVIMOV,NSE
5068,SHEMAROO-EQ,SHEMAROO,NSE
18679,HPL-EQ,HPL,NSE
16292,PANACHE-EQ,PANACHE,NSE
10579,MARKSANS-EQ,MARKSANS,NSE
14255,REDINGTON-EQ,REDINGTON,NSE
1333,HDFCBANK-EQ,HDFCBANK,NSE
19292,TERASOFT-EQ,TERASOFT,NSE
4911,MADRASFERT-EQ,MADRASFERT,NSE
17999,UNITEDTEA-EQ,UNITEDTEA,NSE
13538,TECHM-EQ,TECHM,NSE
21091,STARCEMENT-EQ,STARCEMENT,NSE
15330,QGOLDHALF-EQ,QGOLDHALF,NSE
2717,PRECWIRE-EQ,PRECWIRE,NSE
8163,SPENCERS-EQ,SPENCERS,NSE
5265,GLS-EQ,GLS,NSE
4847,KIMS-EQ,KIMS,NSE
11852,SURYALAXMI-EQ,SURYALAXMI,NSE
212,ASHOKLEY-EQ,ASHOKLEY,NSE
